category,correct,correct_object_2,fake_object,fictional_object,in_cal,in_test,in_train,negation,object_1,object_2,real_object,statement,disputed_object,noise_object,synthetic_fic_object
instances,0,"kaymauti, yengsyo, hikranvi",1,0,0,0,1,0,ngä',fwetsim,0,Ngä' is a fwetsim.,0,0,1
instances,0,"kxumper, kantxansngal, txawng",1,0,0,0,1,0,eyktanzaw,lamourly,0,Eyktanzaw is not a lamourly.,0,0,1
synonyms,0,"liswal, txatxkxe, tutseo",1,0,0,1,0,0,niktsawk,katokx,0,Niktsawk is a synonym of a katokx.,0,0,1
types,0,"heyreltu, kllpxang, utumaut",1,0,1,0,0,0,kxekeng,kllpxang,0,Kxekeng is not a type of a kllpxang.,0,0,1
types,0,"tutseotu, ngä', natthasat",1,0,0,0,1,0,tsnga,tutseotu,0,Tsnga is a type of a tutseotu.,0,0,1
types,0,"lawkx, annevalat , waynivi",1,0,1,0,0,0,fnelat,fnelem,0,Fnelat is not a type of a fnelem.,0,0,1
synonyms,0,"txatxkxe, epxanro'tu, ikreng",1,0,0,1,0,0,relsiyu,kxantsang,0,Relsiyu is a synonym of a kxantsang.,0,0,1
synonyms,0,"hangkem, tutseotu, wongopyu",1,0,0,1,0,0,muntxayo,kxumper,0,Muntxayo is a synonym of a kxumper.,0,0,1
instances,0,"relsiyu, hufwep, kafiurat",1,0,0,0,1,0,hapxayo,paytxe'lan,0,Hapxayo is not a paytxe'lan.,0,0,1
types,0,"reympinvul, liswal, kxara",1,0,0,1,0,0,numtsyìp,hufwep,0,Numtsyìp is not a type of a hufwep.,0,0,1
types,0,"miktsyo, mispichy, reympinvul",1,0,0,0,1,0,holpxanro'tu,reympinvul,0,Holpxanro'tu is not a type of a reympinvul.,0,0,1
instances,0,"kewangyu, eltsyon, ngä'",1,0,0,1,0,0,bifflerotty,aung,0,Bifflerotty is an aung.,0,0,1
instances,0,"eyavena, ngä', tihilat",1,0,0,0,1,0,zusawk,tihilat,0,Zusawk is a tihilat.,0,0,1
synonyms,0,"squifflintu, fnelat, kawnvenzekwä",1,0,1,0,0,0,tstalseng,kawnvenzekwä,0,Tstalseng is not a synonym of a kawnvenzekwä.,0,0,1
types,0,"äzantan, ikrazef, reympinvul",1,0,0,0,1,0,yeyntu,ikrazef,0,Yeyntu is not a type of an ikrazef.,0,0,1
instances,0,"tutseotu, pewng, bifflerotty",1,0,0,1,0,0,uniaea,zusawk,0,Uniaea is a zusawk.,0,0,1
instances,0,"hapxay, kllpxay, hawnetu",1,0,0,0,1,0,tsngawnol,hapxay,0,Tsngawnol is a hapxay.,0,0,1
instances,0,"zusawke, kalep, kllpxir",1,0,0,0,1,0,txinfpìlok,fmong,0,Txinfpìlok is a fmong.,0,0,1
synonyms,0,"mucherwì, hapxayo, hikranvi",1,0,0,1,0,0,yentsyokx,hapxayo,0,Yentsyokx is not a synonym of a hapxayo.,0,0,1
synonyms,0,"fnelem, uniaea, aung",1,0,0,0,1,0,dogswo,nawmpin,0,Dogswo is a synonym of a nawmpin.,0,0,1
synonyms,0,"mawnvenu, ewktsya, fwetsim",1,0,0,0,1,0,korengsyo,mawnvenu,0,Korengsyo is not a synonym of a mawnvenu.,0,0,1
types,0,"kxara, lawkx, holpxanro'tu",1,0,0,0,1,0,epxanro'tu,hangkem,0,Epxanro'tu is a type of a hangkem.,0,0,1
synonyms,0,"txatxkxe, epxanro'tu, ikreng",1,0,1,0,0,0,relsiyu,txatxkxe,0,Relsiyu is a synonym of a txatxkxe.,0,0,1
instances,0,"mekreng, oeyktan, hawtsyosyu",1,0,0,0,1,0,hikranvi,zusawke,0,Hikranvi is not a zusawke.,0,0,1
instances,0,"kxara, lawkx, holpxanro'tu",1,0,0,1,0,0,epxanro'tu,lawkx,0,Epxanro'tu is not a lawkx.,0,0,1
synonyms,0,"quogwin, kalingyu, numtsyìp",1,0,0,0,1,0,eyavena,kawnvenzekwä,0,Eyavena is not a synonym of a kawnvenzekwä.,0,0,1
synonyms,0,"txatxkxe, pawkrr, tihilu",1,0,0,0,1,0,quogwin,kxump,0,Quogwin is not a synonym of a kxump.,0,0,1
types,0,"annevalat , waynivi, kllpxay",1,0,0,1,0,0,txang,waynivi,0,Txang is not a type of a waynivi.,0,0,1
types,0,"epxanro'tu, yengsyo, kllpxir",1,0,0,0,1,0,lickswinkle,korengsyo,0,Lickswinkle is not a type of a korengsyo.,0,0,1
types,0,"tsngum, kentsyey, kxantsang",1,0,0,0,1,0,fmawnol,tsrunionari,0,Fmawnol is not a type of a tsrunionari.,0,0,1
instances,0,"tstxopu, txawng, txinfpìlok",1,0,0,0,1,0,tsengwal,txawng,0,Tsengwal is a txawng.,0,0,1
synonyms,0,"apxì, eyktanzaw, muntxayo",1,0,0,0,1,0,awazaaj,numtsyal,0,Awazaaj is not a synonym of a numtsyal.,0,0,1
synonyms,0,"fkxa, pamtsena, kafiurat",1,0,1,0,0,0,kxeye'ung,txatxkxe,0,Kxeye'ung is a synonym of a txatxkxe.,0,0,1
synonyms,0,"tsnga, yentsyokx, kaymauti",1,0,0,0,1,0,wongopyu,quogwin,0,Wongopyu is a synonym of a quogwin.,0,0,1
instances,0,"asqoy, jumptious, kewangyu",1,0,0,1,0,0,tsngap,asqoy,0,Tsngap is an asqoy.,0,0,1
instances,0,"miktsyo, mispichy, reympinvul",1,0,0,1,0,0,holpxanro'tu,tsngum,0,Holpxanro'tu is not a tsngum.,0,0,1
instances,0,"tsmunongopyu, flawkz, kawnetuwondercrunil",1,0,0,0,1,0,äzantsyìp,kawnetuwondercrunil,0,Äzantsyìp is a kawnetuwondercrunil.,0,0,1
synonyms,0,"kxumper, fnelat, tsangep",1,0,1,0,0,0,mawnvenu,nawmpin,0,Mawnvenu is not a synonym of a nawmpin.,0,0,1
types,0,"hangkem, jumptious, hìmpxom",1,0,0,0,1,0,nawngtu,hìmpxom,0,Nawngtu is a type of a hìmpxom.,0,0,1
synonyms,0,"epxanro'tu, yengsyo, kllpxir",1,0,0,1,0,0,lickswinkle,kllpxir,0,Lickswinkle is a synonym of a kllpxir.,0,0,1
types,0,"niktsawk, zusawke, kllpxir",1,0,0,0,1,0,annevalat ,mawnvenu,0,Annevalat  is not a type of a mawnvenu.,0,0,1
synonyms,0,"tutseotu, ngä', natthasat",1,0,1,0,0,0,tsnga,weptse,0,Tsnga is not a synonym of a weptse.,0,0,1
types,0,"fmawnol, hapxayo, tihilu",1,0,1,0,0,0,ikrazef,fmawnol,0,Ikrazef is not a type of a fmawnol.,0,0,1
instances,0,"äzantsyìp, tsmunongopyu, txampam",1,0,0,0,1,0,kxantsang,txang,0,Kxantsang is not a txang.,0,0,1
types,0,"eanfwe, liswal, numeypeyyu",1,0,0,0,1,0,maweyawr,liswal,0,Maweyawr is not a type of a liswal.,0,0,1
synonyms,0,"epxanro'tu, yengsyo, kllpxir",1,0,0,0,1,0,lickswinkle,epxanro'tu,0,Lickswinkle is a synonym of an epxanro'tu.,0,0,1
types,0,"tsngap, eltsyon, tsnguway",1,0,1,0,0,0,reympinvul,natthasat,0,Reympinvul is a type of a natthasat.,0,0,1
synonyms,0,"txatxkxe, fmawnol, fwetsim",1,0,0,0,1,0,txansnay,liswal,0,Txansnay is not a synonym of a liswal.,0,0,1
synonyms,0,"ionari, tstalseng, tìzingyu",1,0,0,0,1,0,zusawke,tihilat,0,Zusawke is a synonym of a tihilat.,0,0,1
types,0,"karyun, kafiurat, tsnguway",1,0,1,0,0,0,hapxay,puktsyo,0,Hapxay is a type of a puktsyo.,0,0,1
types,0,"kxantsang, ewktsya, tsengwal",1,0,0,0,1,0,eampayfya,numtsyìp,0,Eampayfya is not a type of a numtsyìp.,0,0,1
types,0,"jumpamtil, zusawk, meypeyyu",1,0,0,0,1,0,kalep,meypeyyu,0,Kalep is a type of a meypeyyu.,0,0,1
instances,0,"fmawnol, jumpamtil, utumaut",1,0,1,0,0,0,heyreltu,holpxanro'tu,0,Heyreltu is not a holpxanro'tu.,0,0,1
instances,0,"hì'angrr, fnelem, squifflintu",1,0,0,0,1,0,weptse,hì'angrr,0,Weptse is a hì'angrr.,0,0,1
synonyms,0,"niktsawk, zusawke, kllpxir",1,0,1,0,0,0,annevalat ,mawnvenu,0,Annevalat  is not a synonym of a mawnvenu.,0,0,1
types,0,"mawnvenu, ewktsya, fwetsim",1,0,0,1,0,0,korengsyo,numeypeyyu,0,Korengsyo is not a type of a numeypeyyu.,0,0,1
synonyms,0,"ionari, tstalseng, tìzingyu",1,0,1,0,0,0,zusawke,weptse,0,Zusawke is not a synonym of a weptse.,0,0,1
instances,0,"karyun, kafiurat, tsnguway",1,0,0,1,0,0,hapxay,tsnguway,0,Hapxay is not a tsnguway.,0,0,1
types,0,"waynivi, txeptsena, kllpxir",1,0,1,0,0,0,nikranvi,numtsyal,0,Nikranvi is not a type of a numtsyal.,0,0,1
instances,0,"ewktsya, tìzingyu, heyreltu",1,0,1,0,0,0,mucherwì,heyreltu,0,Mucherwì is not a heyreltu.,0,0,1
types,0,"liswal, txatxkxe, tutseo",1,0,0,0,1,0,niktsawk,tspangep,0,Niktsawk is a type of a tspangep.,0,0,1
synonyms,0,"quogwin, kalingyu, numtsyìp",1,0,0,1,0,0,eyavena,kalingyu,0,Eyavena is not a synonym of a kalingyu.,0,0,1
instances,0,"fmawe'tu, kllpxay, eltsyon",1,0,0,0,1,0,mispichy,nawmpin,0,Mispichy is not a nawmpin.,0,0,1
instances,0,"tskxen, txampam, hermeyu",1,0,1,0,0,0,jumpamtil,hermeyu,0,Jumpamtil is a hermeyu.,0,0,1
synonyms,0,"quogwin, kalingyu, numtsyìp",1,0,0,1,0,0,eyavena,numtsyìp,0,Eyavena is not a synonym of a numtsyìp.,0,0,1
synonyms,0,"natthasat, wongopyu, fmong",1,0,1,0,0,0,hermeyu,wongopyu,0,Hermeyu is a synonym of a wongopyu.,0,0,1
types,0,"kentsyey, eltsyon, mispichy",1,0,0,0,1,0,miktsyo,mispichy,0,Miktsyo is a type of a mispichy.,0,0,1
types,0,"tsmunongopyu, kxantsang, kllpxang",1,0,0,0,1,0,tsangep,kllpxang,0,Tsangep is a type of a kllpxang.,0,0,1
synonyms,0,"kekyu, äzantan, natthasat",1,0,0,1,0,0,tutseotu,natthasat,0,Tutseotu is a synonym of a natthasat.,0,0,1
types,0,"tutseotu, ngä', natthasat",1,0,0,0,1,0,tsnga,liswal,0,Tsnga is a type of a liswal.,0,0,1
types,0,"zusawk, hì'angrr, maweyawr",1,0,0,0,1,0,txeptsena,mawnvenu,0,Txeptsena is a type of a mawnvenu.,0,0,1
instances,0,"uniaea, hufwep, mekreng",1,0,0,1,0,0,numtsyal,mekreng,0,Numtsyal is not a mekreng.,0,0,1
synonyms,0,"hapxay, kllpxay, hawnetu",1,0,0,1,0,0,tsngawnol,kllpxay,0,Tsngawnol is not a synonym of a kllpxay.,0,0,1
synonyms,0,"tsengwal, nawmpin, tutseotu",1,0,0,0,1,0,kllpxang,nawmpin,0,Kllpxang is not a synonym of a nawmpin.,0,0,1
types,0,"txatxkxe, pawkrr, tihilu",1,0,0,1,0,0,quogwin,tsnga,0,Quogwin is a type of a tsnga.,0,0,1
instances,0,"kxara, pawkrr, tspangep",1,0,0,0,1,0,fkxa,kllpxir,0,Fkxa is not a kllpxir.,0,0,1
synonyms,0,"kxara, lawkx, holpxanro'tu",1,0,1,0,0,0,epxanro'tu,numtsyal,0,Epxanro'tu is not a synonym of a numtsyal.,0,0,1
types,0,"tsnguway, fwetsim, nawngtu",1,0,0,0,1,0,oeykekyunay,tsnguway,0,Oeykekyunay is a type of a tsnguway.,0,0,1
instances,0,"niktsawk, zusawke, kllpxir",1,0,0,0,1,0,annevalat ,mawnvenu,0,Annevalat  is not a mawnvenu.,0,0,1
synonyms,0,"zusawke, kalep, kllpxir",1,0,0,1,0,0,txinfpìlok,kantxansngal,0,Txinfpìlok is a synonym of a kantxansngal.,0,0,1
instances,0,"hì'angrr, fnelem, squifflintu",1,0,0,0,1,0,weptse,zusawke,0,Weptse is not a zusawke.,0,0,1
synonyms,0,"eltsyon, tskxen, tìzingyu",1,0,1,0,0,0,karyun,tìzingyu,0,Karyun is a synonym of a tìzingyu.,0,0,1
synonyms,0,"lawkx, annevalat , waynivi",1,0,0,0,1,0,fnelat,annevalat ,0,Fnelat is not a synonym of an annevalat .,0,0,1
synonyms,0,"txatxkxe, epxanro'tu, ikreng",1,0,0,0,1,0,relsiyu,maweyawr,0,Relsiyu is not a synonym of a maweyawr.,0,0,1
types,0,"apxì, eyktanzaw, muntxayo",1,0,0,0,1,0,awazaaj,kxekeng,0,Awazaaj is a type of a kxekeng.,0,0,1
synonyms,0,"pewng, äzantsyìp, apxì",1,0,1,0,0,0,tìzingyu,apxì,0,Tìzingyu is a synonym of an apxì.,0,0,1
synonyms,0,"kxumper, karyun, kalingyu",1,0,0,0,1,0,tsmunongopyu,hapxay,0,Tsmunongopyu is a synonym of a hapxay.,0,0,1
instances,0,"ikrazef, meypeyyu, niktsawk",1,0,0,0,1,0,txampam,zusawke,0,Txampam is not a zusawke.,0,0,1
instances,0,"tutseotu, ngä', natthasat",1,0,0,1,0,0,tsnga,ngä',0,Tsnga is a ngä'.,0,0,1
instances,0,"reympinvul, liswal, kxara",1,0,1,0,0,0,numtsyìp,puktsyo,0,Numtsyìp is a puktsyo.,0,0,1
synonyms,0,"zusawk, hì'angrr, maweyawr",1,0,0,0,1,0,txeptsena,zusawk,0,Txeptsena is a synonym of a zusawk.,0,0,1
synonyms,0,"tsnguway, hermeyu, ikreng",1,0,0,0,1,0,ontsyey,tsnguway,0,Ontsyey is a synonym of a tsnguway.,0,0,1
instances,0,"txawng, fnelat, tspangep",1,0,0,1,0,0,kllpxay,tspangep,0,Kllpxay is not a tspangep.,0,0,1
synonyms,0,"heyreltu, numtsyal, squifflintu",1,0,1,0,0,0,payo,heyreltu,0,Payo is not a synonym of a heyreltu.,0,0,1
synonyms,0,"tsngum, kentsyey, kxantsang",1,0,0,1,0,0,fmawnol,kxantsang,0,Fmawnol is a synonym of a kxantsang.,0,0,1
types,0,"ikrazef, meypeyyu, niktsawk",1,0,1,0,0,0,txampam,txinfpìlok,0,Txampam is a type of a txinfpìlok.,0,0,1
types,0,"hangkem, jumptious, hìmpxom",1,0,0,1,0,0,nawngtu,jumptious,0,Nawngtu is a type of jumptious.,0,0,1
synonyms,0,"ionari, tstalseng, tìzingyu",1,0,0,1,0,0,zusawke,tìzingyu,0,Zusawke is not a synonym of a tìzingyu.,0,0,1
synonyms,0,"tsnga, yentsyokx, kaymauti",1,0,0,0,1,0,wongopyu,epxanro'tu,0,Wongopyu is not a synonym of an epxanro'tu.,0,0,1
synonyms,0,"hìmpxom, hangkem, fmawnol",1,0,0,1,0,0,gloriump,fmawnol,0,Gloriump is a synonym of a fmawnol.,0,0,1
synonyms,0,"äzantsyìp, tsmunongopyu, txampam",1,0,0,1,0,0,kxantsang,tsmunongopyu,0,Kxantsang is a synonym of a tsmunongopyu.,0,0,1
types,0,"zusawk, hì'angrr, maweyawr",1,0,0,0,1,0,txeptsena,gloriump,0,Txeptsena is not a type of a gloriump.,0,0,1
types,0,"waynivi, tsengwal, kewangyu",1,0,0,0,1,0,kawnvenzekwä,pamtil,0,Kawnvenzekwä is a type of a pamtil.,0,0,1
synonyms,0,"eanfwe, maweyawr, pamtsena",1,0,0,0,1,0,paytxe'lan,pamtsena,0,Paytxe'lan is not a synonym of a pamtsena.,0,0,1
types,0,"yeyntu, utumaut, kalingyu",1,0,0,1,0,0,tihilu,utumaut,0,Tihilu is not a type of a utumaut.,0,0,1
synonyms,0,"mekreng, oeyktan, hawtsyosyu",1,0,1,0,0,0,hikranvi,oeyktan,0,Hikranvi is a synonym of an oeyktan.,0,0,1
types,0,"annevalat , waynivi, kllpxay",1,0,0,0,1,0,txang,tstxopu,0,Txang is a type of a tstxopu.,0,0,1
synonyms,0,"paytxe'lan, mekreng, payo",1,0,0,0,1,0,kxumper,payo,0,Kxumper is not a synonym of a payo.,0,0,1
types,0,"relsiyu, hufwep, kafiurat",1,0,0,0,1,0,hapxayo,kafiurat,0,Hapxayo is a type of a kafiurat.,0,0,1
synonyms,0,"tskxen, fmawnol, hufwep",1,0,0,0,1,0,aung,gloriump,0,Aung is not a synonym of a gloriump.,0,0,1
synonyms,0,"hangkem, jumptious, hìmpxom",1,0,0,1,0,0,nawngtu,pasuksìm,0,Nawngtu is a synonym of a pasuksìm.,0,0,1
instances,0,"reympinvul, txang, tsnguway",1,0,0,0,1,0,äzantan,reympinvul,0,Äzantan is not a reympinvul.,0,0,1
instances,0,"tsmunongopyu, flawkz, kawnetuwondercrunil",1,0,0,1,0,0,äzantsyìp,tutseotu,0,Äzantsyìp is not a tutseotu.,0,0,1
synonyms,0,"mucherwì, hapxayo, hikranvi",1,0,0,0,1,0,yentsyokx,fmawnol,0,Yentsyokx is a synonym of a fmawnol.,0,0,1
types,0,"ontsyey, ikrazef, mucherwì",1,0,1,0,0,0,nawmpin,mucherwì,0,Nawmpin is not a type of a mucherwì.,0,0,1
synonyms,0,"kxumper, karyun, kalingyu",1,0,0,1,0,0,tsmunongopyu,kxumper,0,Tsmunongopyu is not a synonym of a kxumper.,0,0,1
instances,0,"tsrunionari, hikranvi, mucherwì",1,0,0,0,1,0,oeyktan,mucherwì,0,Oeyktan is a mucherwì.,0,0,1
instances,0,"heyreltu, kllpxang, utumaut",1,0,0,0,1,0,kxekeng,utumaut,0,Kxekeng is not a utumaut.,0,0,1
types,0,"heyreltu, numtsyal, squifflintu",1,0,1,0,0,0,payo,heyreltu,0,Payo is a type of a heyreltu.,0,0,1
synonyms,0,"kxumper, tsngum, kllpxay",1,0,0,0,1,0,pewng,tsengwal,0,Pewng is not a synonym of a tsengwal.,0,0,1
synonyms,0,"txampam, aung, oeyktan",1,0,0,1,0,0,liswal,fmong,0,Liswal is not a synonym of a fmong.,0,0,1
types,0,"äzantan, ikrazef, reympinvul",1,0,0,1,0,0,yeyntu,äzantan,0,Yeyntu is a type of a äzantan.,0,0,1
synonyms,0,"nawngtu, mucherwì, flawkz",1,0,0,0,1,0,fnelem,nawngtu,0,Fnelem is not a synonym of a nawngtu.,0,0,1
types,0,"tstxopu, txawng, txinfpìlok",1,0,0,0,1,0,tsengwal,miktsyo,0,Tsengwal is not a type of a miktsyo.,0,0,1
types,0,"eltsyon, tskxen, tìzingyu",1,0,1,0,0,0,karyun,eltsyon,0,Karyun is a type of an eltsyon.,0,0,1
synonyms,0,"squifflintu, fnelat, kawnvenzekwä",1,0,0,0,1,0,tstalseng,bifflerotty,0,Tstalseng is a synonym of a bifflerotty.,0,0,1
synonyms,0,"tsnguway, hermeyu, ikreng",1,0,0,0,1,0,ontsyey,hawtsyosyu,0,Ontsyey is not a synonym of a hawtsyosyu.,0,0,1
types,0,"hermeyu, korengsyo, numeypeyyu",1,0,0,0,1,0,waynivi,numeypeyyu,0,Waynivi is a type of a numeypeyyu.,0,0,1
instances,0,"korengsyo, kxekeng, ikreng",1,0,0,1,0,0,kekyu,katokx,0,Kekyu is a katokx.,0,0,1
synonyms,0,"nawngtu, mucherwì, flawkz",1,0,0,0,1,0,fnelem,kllpxir,0,Fnelem is not a synonym of a kllpxir.,0,0,1
instances,0,"heyreltu, numtsyal, squifflintu",1,0,0,0,1,0,payo,numtsyal,0,Payo is a numtsyal.,0,0,1
synonyms,0,"ontsyey, äzantsyìp, tsngap",1,0,0,0,1,0,tsngum,äzantsyìp,0,Tsngum is not a synonym of a äzantsyìp.,0,0,1
instances,0,"relsiyu, hufwep, kafiurat",1,0,0,0,1,0,hapxayo,kafiurat,0,Hapxayo is a kafiurat.,0,0,1
synonyms,0,"fmawe'tu, kllpxay, eltsyon",1,0,0,1,0,0,mispichy,nawmpin,0,Mispichy is not a synonym of a nawmpin.,0,0,1
types,0,"tsnguway, hermeyu, ikreng",1,0,0,0,1,0,ontsyey,hermeyu,0,Ontsyey is a type of a hermeyu.,0,0,1
synonyms,0,"paytxe'lan, txang, hawnetu",1,0,0,0,1,0,lamourly,pewng,0,Lamourly is a synonym of a pewng.,0,0,1
types,0,"flawkz, hufwep, hì'angrr",1,0,0,0,1,0,numeypeyyu,flawkz,0,Numeypeyyu is not a type of a flawkz.,0,0,1
synonyms,0,"äzantsyìp, tsmunongopyu, tstalseng",1,0,1,0,0,0,tutseo,liswal,0,Tutseo is not a synonym of a liswal.,0,0,1
types,0,"asqoy, jumptious, kewangyu",1,0,0,0,1,0,tsngap,jumptious,0,Tsngap is not a type of jumptious.,0,0,1
instances,0,"tutseotu, ngä', natthasat",1,0,0,1,0,0,tsnga,liswal,0,Tsnga is a liswal.,0,0,1
synonyms,0,"quogwin, kalingyu, numtsyìp",1,0,0,0,1,0,eyavena,fkxa,0,Eyavena is a synonym of a fkxa.,0,0,1
synonyms,0,"ionari, tstalseng, tìzingyu",1,0,0,0,1,0,zusawke,ionari,0,Zusawke is not a synonym of an ionari.,0,0,1
synonyms,0,"hermeyu, ikreng, maweyawr",1,0,0,0,1,0,kxump,maweyawr,0,Kxump is a synonym of a maweyawr.,0,0,1
synonyms,0,"nawngtu, mucherwì, flawkz",1,0,0,0,1,0,fnelem,mucherwì,0,Fnelem is not a synonym of a mucherwì.,0,0,1
instances,0,"tsngap, eltsyon, tsnguway",1,0,0,0,1,0,reympinvul,tihilat,0,Reympinvul is a tihilat.,0,0,1
synonyms,0,"asqoy, numeypeyyu, nawngtu",1,0,1,0,0,0,yengsyo,txeptsena,0,Yengsyo is a synonym of a txeptsena.,0,0,1
synonyms,0,"ontsyey, tutseotu, lamourly",1,0,0,0,1,0,hawnetu,kllpxay,0,Hawnetu is not a synonym of a kllpxay.,0,0,1
instances,0,"tstxopu, txawng, txinfpìlok",1,0,0,0,1,0,tsengwal,txinfpìlok,0,Tsengwal is not a txinfpìlok.,0,0,1
types,0,"tsengwal, nawmpin, tutseotu",1,0,0,1,0,0,kllpxang,tsngum,0,Kllpxang is a type of a tsngum.,0,0,1
types,0,"ionari, tihilu, gloriump",1,0,1,0,0,0,kewangyu,ionari,0,Kewangyu is a type of an ionari.,0,0,1
types,0,"hawtsyosyu, nikranvi, pawkrr",1,0,0,0,1,0,ikreng,maweyawr,0,Ikreng is not a type of a maweyawr.,0,0,1
types,0,"äzantsyìp, tsmunongopyu, tstalseng",1,0,0,1,0,0,tutseo,hapxayo,0,Tutseo is not a type of a hapxayo.,0,0,1
instances,0,"quogwin, kalingyu, numtsyìp",1,0,0,0,1,0,eyavena,kxantsang,0,Eyavena is a kxantsang.,0,0,1
types,0,"bifflerotty, flawkz, jumpamtil",1,0,1,0,0,0,fmong,bifflerotty,0,Fmong is a type of a bifflerotty.,0,0,1
types,0,"kentsyey, eltsyon, mispichy",1,0,0,1,0,0,miktsyo,gloriump,0,Miktsyo is a type of a gloriump.,0,0,1
types,0,"tutseotu, ngä', natthasat",1,0,1,0,0,0,tsnga,ngä',0,Tsnga is a type of a ngä'.,0,0,1
synonyms,0,"fwetsim, hapxayo, asqoy",1,0,0,1,0,0,hì'angrr,fwetsim,0,Hì'angrr is not a synonym of a fwetsim.,0,0,1
synonyms,0,"txatxkxe, fmawnol, fwetsim",1,0,0,0,1,0,txansnay,fwetsim,0,Txansnay is a synonym of a fwetsim.,0,0,1
types,0,"mawnvenu, ewktsya, fwetsim",1,0,0,0,1,0,korengsyo,ewktsya,0,Korengsyo is not a type of a ewktsya.,0,0,1
synonyms,0,"miktsyo, payo, txawng",1,0,1,0,0,0,kaymauti,pawkrr,0,Kaymauti is not a synonym of a pawkrr.,0,0,1
synonyms,0,"uniaea, hufwep, mekreng",1,0,1,0,0,0,numtsyal,kllpxay,0,Numtsyal is a synonym of a kllpxay.,0,0,1
instances,0,"mekreng, oeyktan, hawtsyosyu",1,0,1,0,0,0,hikranvi,hawtsyosyu,0,Hikranvi is not a hawtsyosyu.,0,0,1
instances,0,"tsmunongopyu, kxantsang, kllpxang",1,0,1,0,0,0,tsangep,eanfwe,0,Tsangep is not an eanfwe.,0,0,1
instances,0,"mekreng, oeyktan, hawtsyosyu",1,0,1,0,0,0,hikranvi,hufwep,0,Hikranvi is not a hufwep.,0,0,1
instances,0,"ontsyey, ikrazef, mucherwì",1,0,1,0,0,0,nawmpin,holpxanro'tu,0,Nawmpin is not a holpxanro'tu.,0,0,1
types,0,"liswal, txatxkxe, tutseo",1,0,0,0,1,0,niktsawk,liswal,0,Niktsawk is not a type of a liswal.,0,0,1
types,0,"kewangyu, eltsyon, ngä'",1,0,0,0,1,0,bifflerotty,eltsyon,0,Bifflerotty is not a type of an eltsyon.,0,0,1
instances,0,"zusawk, karyun, eltsyey",1,0,1,0,0,0,hawtsyosyu,eltsyey,0,Hawtsyosyu is an eltsyey.,0,0,1
synonyms,0,"asqoy, jumptious, kewangyu",1,0,0,0,1,0,tsngap,zusawke,0,Tsngap is not a synonym of a zusawke.,0,0,1
instances,0,"reympinvul, liswal, kxara",1,0,0,0,1,0,numtsyìp,kllpxir,0,Numtsyìp is not a kllpxir.,0,0,1
synonyms,0,"hìmpxom, hangkem, fmawnol",1,0,0,0,1,0,gloriump,gloriump,0,Gloriump is not a synonym of a gloriump.,0,0,1
types,0,"mekreng, oeyktan, hawtsyosyu",1,0,0,0,1,0,hikranvi,oeyktan,0,Hikranvi is not a type of an oeyktan.,0,0,1
types,0,"ewktsya, tìzingyu, heyreltu",1,0,0,0,1,0,mucherwì,ewktsya,0,Mucherwì is not a type of a ewktsya.,0,0,1
types,0,"tsngum, kentsyey, kxantsang",1,0,0,1,0,0,fmawnol,kentsyey,0,Fmawnol is not a type of a kentsyey.,0,0,1
instances,0,"äzantsyìp, tsmunongopyu, txampam",1,0,0,0,1,0,kxantsang,äzantsyìp,0,Kxantsang is a äzantsyìp.,0,0,1
types,0,"zusawke, kalep, kllpxir",1,0,0,0,1,0,txinfpìlok,kllpxir,0,Txinfpìlok is a type of a kllpxir.,0,0,1
instances,0,"kaymauti, yengsyo, hikranvi",1,0,0,1,0,0,ngä',squifflintu,0,Ngä' is not a squifflintu.,0,0,1
types,0,"kewangyu, nikranvi, karyun",1,0,0,1,0,0,pawkrr,pamtil,0,Pawkrr is a type of a pamtil.,0,0,1
instances,0,"liswal, txatxkxe, tutseo",1,0,0,0,1,0,niktsawk,katokx,0,Niktsawk is a katokx.,0,0,1
instances,0,"pamtil, fmong, txansnay",1,0,0,1,0,0,txawng,pasuksìm,0,Txawng is not a pasuksìm.,0,0,1
types,0,"txatxkxe, epxanro'tu, ikreng",1,0,0,0,1,0,relsiyu,maweyawr,0,Relsiyu is not a type of a maweyawr.,0,0,1
instances,0,"bifflerotty, flawkz, jumpamtil",1,0,0,0,1,0,fmong,mekreng,0,Fmong is not a mekreng.,0,0,1
instances,0,"tsnguway, fwetsim, nawngtu",1,0,1,0,0,0,oeykekyunay,fwetsim,0,Oeykekyunay is a fwetsim.,0,0,1
types,0,"ewktsya, kllpxang, hermeyu",1,0,1,0,0,0,vawmtu,kllpxang,0,Vawmtu is a type of a kllpxang.,0,0,1
types,0,"heyreltu, pewng, payo",1,0,0,0,1,0,tspangep,heyreltu,0,Tspangep is not a type of a heyreltu.,0,0,1
types,0,"kxara, pawkrr, tspangep",1,0,0,0,1,0,fkxa,kxara,0,Fkxa is a type of a kxara.,0,0,1
types,0,"ontsyey, ikrazef, mucherwì",1,0,0,0,1,0,nawmpin,eltsyon,0,Nawmpin is not a type of an eltsyon.,0,0,1
synonyms,0,"paytxe'lan, mekreng, payo",1,0,0,0,1,0,kxumper,txatxkxe,0,Kxumper is not a synonym of a txatxkxe.,0,0,1
instances,0,"kxumper, fnelat, tsangep",1,0,1,0,0,0,mawnvenu,tsangep,0,Mawnvenu is not a tsangep.,0,0,1
synonyms,0,"fmong, tspangep, kllpxang",1,0,0,0,1,0,apxì,tsrunionari,0,Apxì is not a synonym of a tsrunionari.,0,0,1
instances,0,"hìmpxom, hangkem, fmawnol",1,0,1,0,0,0,gloriump,puktsyo,0,Gloriump is not a puktsyo.,0,0,1
synonyms,0,"tsnguway, hì'angrr, waynivi",1,0,0,1,0,0,fmawe'tu,tsangep,0,Fmawe'tu is not a synonym of a tsangep.,0,0,1
types,0,"kawnetuwondercrunil, ikreng, kllpxang",1,0,0,0,1,0,kllpxir,nawngtu,0,Kllpxir is not a type of a nawngtu.,0,0,1
synonyms,0,"kawnetuwondercrunil, ikreng, kllpxang",1,0,0,1,0,0,kllpxir,kllpxang,0,Kllpxir is a synonym of a kllpxang.,0,0,1
instances,0,"nawngtu, mucherwì, flawkz",1,0,1,0,0,0,fnelem,mucherwì,0,Fnelem is not a mucherwì.,0,0,1
synonyms,0,"fmawe'tu, tutseo, ewktsya",1,0,0,0,1,0,utumaut,kllpxay,0,Utumaut is a synonym of a kllpxay.,0,0,1
synonyms,0,"kekyu, äzantan, natthasat",1,0,0,1,0,0,tutseotu,äzantan,0,Tutseotu is not a synonym of a äzantan.,0,0,1
types,0,"tsmunongopyu, tutseotu, awazaaj",1,0,0,1,0,0,flawkz,tsmunongopyu,0,Flawkz is a type of a tsmunongopyu.,0,0,1
synonyms,0,"kewangyu, eltsyon, ngä'",1,0,0,0,1,0,bifflerotty,ngä',0,Bifflerotty is not a synonym of a ngä'.,0,0,1
types,0,"eanfwe, liswal, numeypeyyu",1,0,0,1,0,0,maweyawr,liswal,0,Maweyawr is a type of a liswal.,0,0,1
types,0,"heyreltu, pewng, payo",1,0,0,0,1,0,tspangep,payo,0,Tspangep is a type of a payo.,0,0,1
types,0,"kxumper, kantxansngal, txawng",1,0,0,1,0,0,eyktanzaw,txawng,0,Eyktanzaw is a type of a txawng.,0,0,1
instances,0,"eanfwe, liswal, numeypeyyu",1,0,0,1,0,0,maweyawr,tsngum,0,Maweyawr is a tsngum.,0,0,1
instances,0,"äzantsyìp, tsmunongopyu, tstalseng",1,0,0,0,1,0,tutseo,äzantsyìp,0,Tutseo is not a äzantsyìp.,0,0,1
types,0,"yeyntu, utumaut, kalingyu",1,0,0,1,0,0,tihilu,yeyntu,0,Tihilu is not a type of a yeyntu.,0,0,1
types,0,"tsmunongopyu, tutseotu, awazaaj",1,0,1,0,0,0,flawkz,tutseotu,0,Flawkz is a type of a tutseotu.,0,0,1
synonyms,0,"mekreng, oeyktan, hawtsyosyu",1,0,0,1,0,0,hikranvi,oeyktan,0,Hikranvi is not a synonym of an oeyktan.,0,0,1
types,0,"apxì, eyktanzaw, muntxayo",1,0,1,0,0,0,awazaaj,tstxopu,0,Awazaaj is a type of a tstxopu.,0,0,1
types,0,"tspangep, karyun, kxump",1,0,0,0,1,0,natthasat,karyun,0,Natthasat is not a type of a karyun.,0,0,1
synonyms,0,"relsiyu, hufwep, kafiurat",1,0,0,0,1,0,hapxayo,relsiyu,0,Hapxayo is not a synonym of a relsiyu.,0,0,1
synonyms,0,"txampam, aung, oeyktan",1,0,0,1,0,0,liswal,fmong,0,Liswal is a synonym of a fmong.,0,0,1
instances,0,"tutseo, eltsyey, vawmtu",1,0,1,0,0,0,squifflintu,vawmtu,0,Squifflintu is not a vawmtu.,0,0,1
types,0,"eyavena, ngä', tihilat",1,0,0,0,1,0,zusawk,eyavena,0,Zusawk is a type of an eyavena.,0,0,1
synonyms,0,"flawkz, hufwep, hì'angrr",1,0,0,0,1,0,numeypeyyu,ontsyey,0,Numeypeyyu is not a synonym of an ontsyey.,0,0,1
synonyms,0,"miktsyo, mispichy, reympinvul",1,0,0,0,1,0,holpxanro'tu,tsngum,0,Holpxanro'tu is not a synonym of a tsngum.,0,0,1
types,0,"miktsyo, mispichy, reympinvul",1,0,0,0,1,0,holpxanro'tu,kxeye'ung,0,Holpxanro'tu is a type of a kxeye'ung.,0,0,1
instances,0,"mekreng, oeyktan, hawtsyosyu",1,0,0,0,1,0,hikranvi,mekreng,0,Hikranvi is a mekreng.,0,0,1
synonyms,0,"mekreng, oeyktan, hawtsyosyu",1,0,0,0,1,0,hikranvi,hufwep,0,Hikranvi is not a synonym of a hufwep.,0,0,1
types,0,"kaymauti, yengsyo, hikranvi",1,0,0,0,1,0,ngä',fwetsim,0,Ngä' is a type of a fwetsim.,0,0,1
instances,0,"fmong, nikranvi, tsngap",1,0,0,1,0,0,ewktsya,fmong,0,Ewktsya is a fmong.,0,0,1
synonyms,0,"kentsyey, eltsyon, mispichy",1,0,0,0,1,0,miktsyo,mispichy,0,Miktsyo is a synonym of a mispichy.,0,0,1
types,0,"mawnvenu, ewktsya, fwetsim",1,0,0,1,0,0,korengsyo,fwetsim,0,Korengsyo is not a type of a fwetsim.,0,0,1
instances,0,"flawkz, hufwep, hì'angrr",1,0,0,0,1,0,numeypeyyu,flawkz,0,Numeypeyyu is not a flawkz.,0,0,1
synonyms,0,"mucherwì, hapxayo, hikranvi",1,0,0,0,1,0,yentsyokx,kawnvenzekwä,0,Yentsyokx is not a synonym of a kawnvenzekwä.,0,0,1
instances,0,"heyreltu, pewng, payo",1,0,0,1,0,0,tspangep,pewng,0,Tspangep is a pewng.,0,0,1
types,0,"fwetsim, hapxayo, asqoy",1,0,0,1,0,0,hì'angrr,ikreng,0,Hì'angrr is not a type of an ikreng.,0,0,1
types,0,"ontsyey, ikrazef, mucherwì",1,0,1,0,0,0,nawmpin,ikrazef,0,Nawmpin is a type of an ikrazef.,0,0,1
types,0,"kxantsang, ewktsya, tsengwal",1,0,1,0,0,0,eampayfya,fmawe'tu,0,Eampayfya is not a type of a fmawe'tu.,0,0,1
types,0,"äzantsyìp, eyktanzaw, zusawke",1,0,1,0,0,0,pasuksìm,kllpxay,0,Pasuksìm is not a type of a kllpxay.,0,0,1
types,0,"fwetsim, hapxayo, asqoy",1,0,0,1,0,0,hì'angrr,eyktanzaw,0,Hì'angrr is a type of an eyktanzaw.,0,0,1
synonyms,0,"asqoy, hì'angrr, tsrunionari",1,0,0,0,1,0,kalingyu,hì'angrr,0,Kalingyu is a synonym of a hì'angrr.,0,0,1
types,0,"muntxayo, jumpamtil, uniaea",1,0,0,0,1,0,katokx,asqoy,0,Katokx is not a type of an asqoy.,0,0,1
types,0,"hìmpxom, ngä', äzantsyìp",1,0,0,0,1,0,jumptious,ikreng,0,Jumptious is not a type of an ikreng.,0,0,1
types,0,"paytxe'lan, txang, hawnetu",1,0,0,0,1,0,lamourly,hawnetu,0,Lamourly is not a type of a hawnetu.,0,0,1
types,0,"uniaea, muntxayo, kantxansngal",1,0,0,0,1,0,kxara,kantxansngal,0,Kxara is not a type of a kantxansngal.,0,0,1
types,0,"pamtil, fmong, txansnay",1,0,0,0,1,0,txawng,pasuksìm,0,Txawng is not a type of a pasuksìm.,0,0,1
synonyms,0,"äzantan, ikrazef, reympinvul",1,0,0,0,1,0,yeyntu,ikrazef,0,Yeyntu is not a synonym of an ikrazef.,0,0,1
synonyms,0,"uniaea, muntxayo, kantxansngal",1,0,0,0,1,0,kxara,uniaea,0,Kxara is a synonym of a uniaea.,0,0,1
instances,0,"txatxkxe, pawkrr, tihilu",1,0,0,0,1,0,quogwin,kxump,0,Quogwin is not a kxump.,0,0,1
types,0,"wongopyu, kxumper, jumpamtil",1,0,0,0,1,0,pamtsena,kxumper,0,Pamtsena is a type of a kxumper.,0,0,1
instances,0,"waynivi, txeptsena, kllpxir",1,0,0,1,0,0,nikranvi,kllpxir,0,Nikranvi is a kllpxir.,0,0,1
instances,0,"tsngap, eltsyon, tsnguway",1,0,0,0,1,0,reympinvul,natthasat,0,Reympinvul is a natthasat.,0,0,1
instances,0,"natthasat, wongopyu, fmong",1,0,0,0,1,0,hermeyu,fmong,0,Hermeyu is not a fmong.,0,0,1
instances,0,"fnelem, uniaea, aung",1,0,0,1,0,0,dogswo,nawmpin,0,Dogswo is a nawmpin.,0,0,1
synonyms,0,"waynivi, txeptsena, kllpxir",1,0,0,1,0,0,nikranvi,numtsyal,0,Nikranvi is not a synonym of a numtsyal.,0,0,1
synonyms,0,"mekreng, oeyktan, hawtsyosyu",1,0,0,1,0,0,hikranvi,ikrazef,0,Hikranvi is a synonym of an ikrazef.,0,0,1
synonyms,0,"kekyu, äzantan, natthasat",1,0,0,0,1,0,tutseotu,kllpxay,0,Tutseotu is a synonym of a kllpxay.,0,0,1
synonyms,0,"äzantsyìp, tsmunongopyu, txampam",1,0,1,0,0,0,kxantsang,txang,0,Kxantsang is not a synonym of a txang.,0,0,1
synonyms,0,"miktsyo, mispichy, reympinvul",1,0,0,0,1,0,holpxanro'tu,kxeye'ung,0,Holpxanro'tu is not a synonym of a kxeye'ung.,0,0,1
types,0,"äzantan, ikrazef, reympinvul",1,0,0,0,1,0,yeyntu,äzantan,0,Yeyntu is not a type of a äzantan.,0,0,1
types,0,"relsiyu, hufwep, kafiurat",1,0,0,0,1,0,hapxayo,lawkx,0,Hapxayo is a type of a lawkx.,0,0,1
types,0,"fwetsim, hapxayo, asqoy",1,0,1,0,0,0,hì'angrr,fwetsim,0,Hì'angrr is not a type of a fwetsim.,0,0,1
synonyms,0,"heyreltu, numtsyal, squifflintu",1,0,0,0,1,0,payo,eyavena,0,Payo is not a synonym of an eyavena.,0,0,1
instances,0,"hermeyu, korengsyo, numeypeyyu",1,0,0,1,0,0,waynivi,numeypeyyu,0,Waynivi is not a numeypeyyu.,0,0,1
synonyms,0,"kxantsang, ewktsya, tsengwal",1,0,0,0,1,0,eampayfya,kxantsang,0,Eampayfya is a synonym of a kxantsang.,0,0,1
types,0,"eltsyon, tskxen, tìzingyu",1,0,1,0,0,0,karyun,tìzingyu,0,Karyun is a type of a tìzingyu.,0,0,1
types,0,"kewangyu, nikranvi, karyun",1,0,0,1,0,0,pawkrr,karyun,0,Pawkrr is a type of a karyun.,0,0,1
types,0,"ionari, tihilu, gloriump",1,0,0,0,1,0,kewangyu,nikranvi,0,Kewangyu is not a type of a nikranvi.,0,0,1
synonyms,0,"eanfwe, liswal, numeypeyyu",1,0,0,0,1,0,maweyawr,eyktanzaw,0,Maweyawr is not a synonym of an eyktanzaw.,0,0,1
synonyms,0,"kxantsang, ikreng, hufwep",1,0,0,0,1,0,eltsyon,kxantsang,0,Eltsyon is not a synonym of a kxantsang.,0,0,1
instances,0,"fwetsim, hapxayo, asqoy",1,0,0,0,1,0,hì'angrr,muntxayo,0,Hì'angrr is not a muntxayo.,0,0,1
synonyms,0,"asqoy, utumaut, ikreng",1,0,1,0,0,0,eanfwe,utumaut,0,Eanfwe is not a synonym of a utumaut.,0,0,1
synonyms,0,"bifflerotty, flawkz, jumpamtil",1,0,0,1,0,0,fmong,ewktsya,0,Fmong is a synonym of a ewktsya.,0,0,1
synonyms,0,"annevalat , waynivi, kllpxay",1,0,0,0,1,0,txang,hikranvi,0,Txang is a synonym of a hikranvi.,0,0,1
instances,0,"kawnetuwondercrunil, ikreng, kllpxang",1,0,1,0,0,0,kllpxir,nawngtu,0,Kllpxir is not a nawngtu.,0,0,1
instances,0,"karyun, kafiurat, tsnguway",1,0,1,0,0,0,hapxay,kafiurat,0,Hapxay is not a kafiurat.,0,0,1
instances,0,"kxumper, kantxansngal, txawng",1,0,1,0,0,0,eyktanzaw,txawng,0,Eyktanzaw is a txawng.,0,0,1
synonyms,0,"tsmunongopyu, flawkz, kawnetuwondercrunil",1,0,0,0,1,0,äzantsyìp,äzantsyìp,0,Äzantsyìp is not a synonym of a äzantsyìp.,0,0,1
synonyms,0,"yeyntu, utumaut, kalingyu",1,0,0,0,1,0,tihilu,tsrunionari,0,Tihilu is not a synonym of a tsrunionari.,0,0,1
synonyms,0,"tutseotu, pewng, bifflerotty",1,0,0,1,0,0,uniaea,äzantsyìp,0,Uniaea is a synonym of a äzantsyìp.,0,0,1
types,0,"kewangyu, eltsyon, ngä'",1,0,1,0,0,0,bifflerotty,ngä',0,Bifflerotty is not a type of a ngä'.,0,0,1
types,0,"kxumper, kantxansngal, txawng",1,0,1,0,0,0,eyktanzaw,kantxansngal,0,Eyktanzaw is a type of a kantxansngal.,0,0,1
instances,0,"eyktanzaw, äzantsyìp, fmawe'tu",1,0,0,1,0,0,txatxkxe,eyktanzaw,0,Txatxkxe is an eyktanzaw.,0,0,1
synonyms,0,"tìzingyu, katokx, lawkx",1,0,0,0,1,0,kawnetuwondercrunil,niktsawk,0,Kawnetuwondercrunil is a synonym of a niktsawk.,0,0,1
synonyms,0,"tsnguway, hermeyu, ikreng",1,0,0,0,1,0,ontsyey,mucherwì,0,Ontsyey is a synonym of a mucherwì.,0,0,1
synonyms,0,"ewktsya, tìzingyu, heyreltu",1,0,1,0,0,0,mucherwì,heyreltu,0,Mucherwì is a synonym of a heyreltu.,0,0,1
instances,0,"tspangep, karyun, kxump",1,0,0,0,1,0,natthasat,tspangep,0,Natthasat is not a tspangep.,0,0,1
synonyms,0,"txatxkxe, pawkrr, tihilu",1,0,1,0,0,0,quogwin,mucherwì,0,Quogwin is not a synonym of a mucherwì.,0,0,1
synonyms,0,"relsiyu, hufwep, kafiurat",1,0,0,0,1,0,hapxayo,relsiyu,0,Hapxayo is a synonym of a relsiyu.,0,0,1
types,0,"kaymauti, yengsyo, hikranvi",1,0,1,0,0,0,ngä',kxumper,0,Ngä' is not a type of a kxumper.,0,0,1
instances,0,"kaymauti, yengsyo, hikranvi",1,0,0,0,1,0,ngä',hikranvi,0,Ngä' is a hikranvi.,0,0,1
instances,0,"relsiyu, hufwep, kafiurat",1,0,0,1,0,0,hapxayo,lawkx,0,Hapxayo is a lawkx.,0,0,1
types,0,"apxì, eyktanzaw, muntxayo",1,0,0,0,1,0,awazaaj,nawngtu,0,Awazaaj is not a type of a nawngtu.,0,0,1
types,0,"fmawe'tu, tutseo, ewktsya",1,0,0,0,1,0,utumaut,fmawe'tu,0,Utumaut is not a type of a fmawe'tu.,0,0,1
types,0,"äzantsyìp, hì'angrr, numtsyal",1,0,0,0,1,0,kentsyey,gloriump,0,Kentsyey is not a type of a gloriump.,0,0,1
synonyms,0,"tutseotu, ngä', natthasat",1,0,0,0,1,0,tsnga,ngä',0,Tsnga is a synonym of a ngä'.,0,0,1
types,0,"äzantsyìp, tsmunongopyu, txampam",1,0,1,0,0,0,kxantsang,niktsawk,0,Kxantsang is not a type of a niktsawk.,0,0,1
instances,0,"ionari, tihilu, gloriump",1,0,1,0,0,0,kewangyu,ionari,0,Kewangyu is not an ionari.,0,0,1
types,0,"fmong, tspangep, kllpxang",1,0,0,1,0,0,apxì,tsrunionari,0,Apxì is not a type of a tsrunionari.,0,0,1
synonyms,0,"heyreltu, kllpxang, utumaut",1,0,0,0,1,0,kxekeng,kllpxang,0,Kxekeng is a synonym of a kllpxang.,0,0,1
instances,0,"txawng, fnelat, tspangep",1,0,1,0,0,0,kllpxay,txinfpìlok,0,Kllpxay is a txinfpìlok.,0,0,1
types,0,"tsnguway, hermeyu, ikreng",1,0,0,1,0,0,ontsyey,heyreltu,0,Ontsyey is a type of a heyreltu.,0,0,1
types,0,"jumpamtil, zusawk, meypeyyu",1,0,0,0,1,0,kalep,txansnay,0,Kalep is not a type of a txansnay.,0,0,1
synonyms,0,"äzantan, ikrazef, reympinvul",1,0,0,0,1,0,yeyntu,äzantan,0,Yeyntu is a synonym of a äzantan.,0,0,1
synonyms,0,"asqoy, jumptious, kewangyu",1,0,1,0,0,0,tsngap,asqoy,0,Tsngap is not a synonym of an asqoy.,0,0,1
types,0,"kxara, pawkrr, tspangep",1,0,1,0,0,0,fkxa,numtsyìp,0,Fkxa is a type of a numtsyìp.,0,0,1
types,0,"hapxay, kllpxay, hawnetu",1,0,0,0,1,0,tsngawnol,hawnetu,0,Tsngawnol is a type of a hawnetu.,0,0,1
instances,0,"txawng, fnelat, tspangep",1,0,0,1,0,0,kllpxay,jumptious,0,Kllpxay is not jumptious.,0,0,1
synonyms,0,"hermeyu, korengsyo, numeypeyyu",1,0,0,0,1,0,waynivi,tihilu,0,Waynivi is a synonym of a tihilu.,0,0,1
instances,0,"flawkz, hufwep, hì'angrr",1,0,0,1,0,0,numeypeyyu,hufwep,0,Numeypeyyu is a hufwep.,0,0,1
synonyms,0,"kxara, pawkrr, tspangep",1,0,0,0,1,0,fkxa,yentsyokx,0,Fkxa is not a synonym of a yentsyokx.,0,0,1
synonyms,0,"jumpamtil, zusawk, meypeyyu",1,0,1,0,0,0,kalep,txansnay,0,Kalep is not a synonym of a txansnay.,0,0,1
types,0,"hangkem, tutseotu, wongopyu",1,0,0,0,1,0,muntxayo,ikreng,0,Muntxayo is not a type of an ikreng.,0,0,1
types,0,"tsnguway, hermeyu, ikreng",1,0,1,0,0,0,ontsyey,hawtsyosyu,0,Ontsyey is not a type of a hawtsyosyu.,0,0,1
instances,0,"flawkz, hufwep, hì'angrr",1,0,0,0,1,0,numeypeyyu,eyavena,0,Numeypeyyu is not an eyavena.,0,0,1
synonyms,0,"muntxayo, jumpamtil, uniaea",1,0,0,0,1,0,katokx,asqoy,0,Katokx is not a synonym of an asqoy.,0,0,1
instances,0,"ontsyey, ikrazef, mucherwì",1,0,0,0,1,0,nawmpin,eltsyon,0,Nawmpin is not an eltsyon.,0,0,1
instances,0,"pamtil, fmong, txansnay",1,0,0,0,1,0,txawng,txang,0,Txawng is a txang.,0,0,1
types,0,"wongopyu, kxumper, jumpamtil",1,0,0,1,0,0,pamtsena,nawmpin,0,Pamtsena is not a type of a nawmpin.,0,0,1
synonyms,0,"kxumper, fnelat, tsangep",1,0,0,0,1,0,mawnvenu,tìzingyu,0,Mawnvenu is a synonym of a tìzingyu.,0,0,1
synonyms,0,"fmawnol, hapxayo, tihilu",1,0,0,0,1,0,ikrazef,fmawnol,0,Ikrazef is not a synonym of a fmawnol.,0,0,1
instances,0,"hermeyu, korengsyo, numeypeyyu",1,0,0,1,0,0,waynivi,hermeyu,0,Waynivi is a hermeyu.,0,0,1
types,0,"asqoy, jumptious, kewangyu",1,0,0,0,1,0,tsngap,zusawke,0,Tsngap is not a type of a zusawke.,0,0,1
types,0,"mekreng, oeyktan, hawtsyosyu",1,0,0,0,1,0,hikranvi,mekreng,0,Hikranvi is a type of a mekreng.,0,0,1
synonyms,0,"kxantsang, ewktsya, tsengwal",1,0,1,0,0,0,eampayfya,fmawe'tu,0,Eampayfya is not a synonym of a fmawe'tu.,0,0,1
instances,0,"paytxe'lan, txang, hawnetu",1,0,0,0,1,0,lamourly,hawnetu,0,Lamourly is a hawnetu.,0,0,1
types,0,"kxumper, kantxansngal, txawng",1,0,0,1,0,0,eyktanzaw,eyktanzaw,0,Eyktanzaw is a type of an eyktanzaw.,0,0,1
instances,0,"relsiyu, hufwep, kafiurat",1,0,0,0,1,0,hapxayo,relsiyu,0,Hapxayo is a relsiyu.,0,0,1
instances,0,"kaymauti, yengsyo, hikranvi",1,0,0,1,0,0,ngä',yengsyo,0,Ngä' is not a yengsyo.,0,0,1
synonyms,0,"reympinvul, txang, tsnguway",1,0,0,0,1,0,äzantan,pawkrr,0,Äzantan is a synonym of a pawkrr.,0,0,1
instances,0,"jumpamtil, eyavena, hermeyu",1,0,1,0,0,0,kantxansngal,jumpamtil,0,Kantxansngal is a jumpamtil.,0,0,1
types,0,"kxantsang, ikreng, hufwep",1,0,0,0,1,0,eltsyon,gloriump,0,Eltsyon is a type of a gloriump.,0,0,1
instances,0,"tsnguway, hermeyu, ikreng",1,0,0,1,0,0,ontsyey,hawtsyosyu,0,Ontsyey is not a hawtsyosyu.,0,0,1
instances,0,"epxanro'tu, yengsyo, kllpxir",1,0,1,0,0,0,lickswinkle,kafiurat,0,Lickswinkle is a kafiurat.,0,0,1
synonyms,0,"quogwin, kalingyu, numtsyìp",1,0,0,0,1,0,eyavena,kalingyu,0,Eyavena is a synonym of a kalingyu.,0,0,1
instances,0,"bifflerotty, flawkz, jumpamtil",1,0,1,0,0,0,fmong,flawkz,0,Fmong is a flawkz.,0,0,1
instances,0,"miktsyo, payo, txawng",1,0,0,1,0,0,kaymauti,asqoy,0,Kaymauti is an asqoy.,0,0,1
synonyms,0,"zusawk, karyun, eltsyey",1,0,0,1,0,0,hawtsyosyu,eltsyey,0,Hawtsyosyu is a synonym of an eltsyey.,0,0,1
types,0,"kxumper, fnelat, tsangep",1,0,0,1,0,0,mawnvenu,tsangep,0,Mawnvenu is a type of a tsangep.,0,0,1
instances,0,"eanfwe, liswal, numeypeyyu",1,0,0,0,1,0,maweyawr,eyktanzaw,0,Maweyawr is not an eyktanzaw.,0,0,1
synonyms,0,"tsrunionari, hikranvi, mucherwì",1,0,0,1,0,0,oeyktan,hikranvi,0,Oeyktan is a synonym of a hikranvi.,0,0,1
synonyms,0,"tsnguway, fwetsim, nawngtu",1,0,0,0,1,0,oeykekyunay,kllpxang,0,Oeykekyunay is not a synonym of a kllpxang.,0,0,1
types,0,"eanfwe, maweyawr, pamtsena",1,0,0,1,0,0,paytxe'lan,pamtsena,0,Paytxe'lan is not a type of a pamtsena.,0,0,1
instances,0,"hapxay, kllpxang, fmawnol",1,0,1,0,0,0,pamtil,tutseotu,0,Pamtil is not a tutseotu.,0,0,1
synonyms,0,"katokx, quogwin, äzantsyìp",1,0,0,0,1,0,asqoy,mispichy,0,Asqoy is a synonym of a mispichy.,0,0,1
instances,0,"uniaea, hufwep, mekreng",1,0,0,0,1,0,numtsyal,uniaea,0,Numtsyal is not a uniaea.,0,0,1
synonyms,0,"fmawe'tu, tutseo, ewktsya",1,0,0,1,0,0,utumaut,tutseo,0,Utumaut is a synonym of a tutseo.,0,0,1
types,0,"ionari, tihilu, gloriump",1,0,0,0,1,0,kewangyu,ewktsya,0,Kewangyu is not a type of a ewktsya.,0,0,1
instances,0,"tutseotu, pewng, bifflerotty",1,0,0,0,1,0,uniaea,äzantsyìp,0,Uniaea is a äzantsyìp.,0,0,1
types,0,"tsnguway, hì'angrr, waynivi",1,0,1,0,0,0,fmawe'tu,waynivi,0,Fmawe'tu is not a type of a waynivi.,0,0,1
types,0,"eltsyon, tskxen, tìzingyu",1,0,0,0,1,0,karyun,tskxen,0,Karyun is not a type of a tskxen.,0,0,1
synonyms,0,"hermeyu, korengsyo, numeypeyyu",1,0,0,1,0,0,waynivi,hermeyu,0,Waynivi is a synonym of a hermeyu.,0,0,1
types,0,"tutseotu, pewng, bifflerotty",1,0,0,0,1,0,uniaea,äzantsyìp,0,Uniaea is a type of a äzantsyìp.,0,0,1
types,0,"relsiyu, hufwep, kafiurat",1,0,0,0,1,0,hapxayo,relsiyu,0,Hapxayo is not a type of a relsiyu.,0,0,1
types,0,"reympinvul, txang, tsnguway",1,0,0,0,1,0,äzantan,kxekeng,0,Äzantan is a type of a kxekeng.,0,0,1
instances,0,"tsnguway, hermeyu, ikreng",1,0,1,0,0,0,ontsyey,ikreng,0,Ontsyey is not an ikreng.,0,0,1
instances,0,"asqoy, numeypeyyu, nawngtu",1,0,0,0,1,0,yengsyo,tspangep,0,Yengsyo is not a tspangep.,0,0,1
instances,0,"fnelem, uniaea, aung",1,0,0,0,1,0,dogswo,fnelem,0,Dogswo is a fnelem.,0,0,1
instances,0,"ontsyey, äzantsyìp, tsngap",1,0,0,1,0,0,tsngum,äzantsyìp,0,Tsngum is not a äzantsyìp.,0,0,1
synonyms,0,"hapxay, tsrunionari, weptse",1,0,1,0,0,0,fwetsim,txansnay,0,Fwetsim is not a synonym of a txansnay.,0,0,1
synonyms,0,"miktsyo, mispichy, reympinvul",1,0,0,0,1,0,holpxanro'tu,reympinvul,0,Holpxanro'tu is not a synonym of a reympinvul.,0,0,1
instances,0,"hì'angrr, fnelem, squifflintu",1,0,1,0,0,0,weptse,pamtsena,0,Weptse is a pamtsena.,0,0,1
synonyms,0,"eyktanzaw, äzantsyìp, fmawe'tu",1,0,0,0,1,0,txatxkxe,eyktanzaw,0,Txatxkxe is a synonym of an eyktanzaw.,0,0,1
synonyms,0,"kafiurat, txinfpìlok, tsngum",1,0,0,1,0,0,tstxopu,txinfpìlok,0,Tstxopu is not a synonym of a txinfpìlok.,0,0,1
types,0,"epxanro'tu, yengsyo, kllpxir",1,0,0,0,1,0,lickswinkle,hangkem,0,Lickswinkle is a type of a hangkem.,0,0,1
synonyms,0,"txawng, fnelat, tspangep",1,0,1,0,0,0,kllpxay,tspangep,0,Kllpxay is not a synonym of a tspangep.,0,0,1
instances,0,"muntxayo, jumpamtil, uniaea",1,0,0,0,1,0,katokx,muntxayo,0,Katokx is a muntxayo.,0,0,1
synonyms,0,"tspangep, karyun, kxump",1,0,0,0,1,0,natthasat,kxump,0,Natthasat is not a synonym of a kxump.,0,0,1
types,0,"epxanro'tu, yengsyo, kllpxir",1,0,1,0,0,0,lickswinkle,kafiurat,0,Lickswinkle is a type of a kafiurat.,0,0,1
synonyms,0,"txatxkxe, fmawnol, fwetsim",1,0,0,1,0,0,txansnay,txatxkxe,0,Txansnay is not a synonym of a txatxkxe.,0,0,1
instances,0,"eanfwe, liswal, numeypeyyu",1,0,0,1,0,0,maweyawr,liswal,0,Maweyawr is not a liswal.,0,0,1
instances,0,"fkxa, pamtsena, kafiurat",1,0,0,0,1,0,kxeye'ung,ionari,0,Kxeye'ung is not an ionari.,0,0,1
types,0,"fmawe'tu, tutseo, ewktsya",1,0,0,1,0,0,utumaut,kllpxay,0,Utumaut is a type of a kllpxay.,0,0,1
synonyms,0,"ewktsya, tìzingyu, heyreltu",1,0,0,0,1,0,mucherwì,heyreltu,0,Mucherwì is not a synonym of a heyreltu.,0,0,1
synonyms,0,"epxanro'tu, yengsyo, kllpxir",1,0,1,0,0,0,lickswinkle,tutseotu,0,Lickswinkle is a synonym of a tutseotu.,0,0,1
types,0,"katokx, quogwin, äzantsyìp",1,0,0,0,1,0,asqoy,äzantsyìp,0,Asqoy is a type of a äzantsyìp.,0,0,1
instances,0,"katokx, quogwin, äzantsyìp",1,0,1,0,0,0,asqoy,puktsyo,0,Asqoy is a puktsyo.,0,0,1
synonyms,0,"kaymauti, yengsyo, hikranvi",1,0,0,0,1,0,ngä',fwetsim,0,Ngä' is a synonym of a fwetsim.,0,0,1
instances,0,"eltsyon, tskxen, tìzingyu",1,0,0,1,0,0,karyun,annevalat ,0,Karyun is an annevalat .,0,0,1
types,0,"asqoy, jumptious, kewangyu",1,0,0,1,0,0,tsngap,kewangyu,0,Tsngap is not a type of a kewangyu.,0,0,1
types,0,"hapxay, kllpxay, hawnetu",1,0,0,0,1,0,tsngawnol,wongopyu,0,Tsngawnol is a type of a wongopyu.,0,0,1
types,0,"tìzingyu, katokx, lawkx",1,0,0,0,1,0,kawnetuwondercrunil,jumpamtil,0,Kawnetuwondercrunil is not a type of a jumpamtil.,0,0,1
instances,0,"ontsyey, ikrazef, mucherwì",1,0,0,1,0,0,nawmpin,ikrazef,0,Nawmpin is an ikrazef.,0,0,1
types,0,"kxumper, karyun, kalingyu",1,0,1,0,0,0,tsmunongopyu,tstalseng,0,Tsmunongopyu is not a type of a tstalseng.,0,0,1
instances,0,"hangkem, jumptious, hìmpxom",1,0,0,1,0,0,nawngtu,kxantsang,0,Nawngtu is not a kxantsang.,0,0,1
synonyms,0,"kxumper, kantxansngal, txawng",1,0,1,0,0,0,eyktanzaw,txawng,0,Eyktanzaw is a synonym of a txawng.,0,0,1
synonyms,0,"heyreltu, pewng, payo",1,0,0,0,1,0,tspangep,payo,0,Tspangep is a synonym of a payo.,0,0,1
types,0,"äzantan, ikrazef, reympinvul",1,0,0,1,0,0,yeyntu,reympinvul,0,Yeyntu is a type of a reympinvul.,0,0,1
types,0,"tsnguway, fwetsim, nawngtu",1,0,0,0,1,0,oeykekyunay,fwetsim,0,Oeykekyunay is not a type of a fwetsim.,0,0,1
instances,0,"tskxen, fmawnol, hufwep",1,0,0,0,1,0,aung,gloriump,0,Aung is not a gloriump.,0,0,1
types,0,"äzantsyìp, tsmunongopyu, tstalseng",1,0,0,0,1,0,tutseo,liswal,0,Tutseo is not a type of a liswal.,0,0,1
instances,0,"hìmpxom, hangkem, fmawnol",1,0,0,0,1,0,gloriump,fmawnol,0,Gloriump is not a fmawnol.,0,0,1
instances,0,"miktsyo, payo, txawng",1,0,0,1,0,0,kaymauti,txawng,0,Kaymauti is a txawng.,0,0,1
instances,0,"tsnguway, hermeyu, ikreng",1,0,0,0,1,0,ontsyey,ikreng,0,Ontsyey is an ikreng.,0,0,1
types,0,"hermeyu, korengsyo, numeypeyyu",1,0,1,0,0,0,waynivi,korengsyo,0,Waynivi is not a type of a korengsyo.,0,0,1
instances,0,"äzantsyìp, tsmunongopyu, tstalseng",1,0,0,1,0,0,tutseo,hapxayo,0,Tutseo is not a hapxayo.,0,0,1
synonyms,0,"tsengwal, nawmpin, tutseotu",1,0,1,0,0,0,kllpxang,nawmpin,0,Kllpxang is a synonym of a nawmpin.,0,0,1
synonyms,0,"ionari, tihilu, gloriump",1,0,0,1,0,0,kewangyu,ionari,0,Kewangyu is not a synonym of an ionari.,0,0,1
instances,0,"ikreng, kxara, äzantan",1,0,0,1,0,0,hufwep,äzantan,0,Hufwep is not a äzantan.,0,0,1
types,0,"eyktanzaw, äzantsyìp, fmawe'tu",1,0,0,1,0,0,txatxkxe,kllpxang,0,Txatxkxe is a type of a kllpxang.,0,0,1
types,0,"kaymauti, yengsyo, hikranvi",1,0,0,0,1,0,ngä',maweyawr,0,Ngä' is a type of a maweyawr.,0,0,1
instances,0,"ontsyey, tutseotu, lamourly",1,0,1,0,0,0,hawnetu,ikreng,0,Hawnetu is not an ikreng.,0,0,1
types,0,"eanfwe, maweyawr, pamtsena",1,0,0,0,1,0,paytxe'lan,pasuksìm,0,Paytxe'lan is not a type of a pasuksìm.,0,0,1
instances,0,"tsnguway, fwetsim, nawngtu",1,0,0,0,1,0,oeykekyunay,nawngtu,0,Oeykekyunay is not a nawngtu.,0,0,1
synonyms,0,"kxumper, kantxansngal, txawng",1,0,0,0,1,0,eyktanzaw,eyktanzaw,0,Eyktanzaw is a synonym of an eyktanzaw.,0,0,1
synonyms,0,"mekreng, oeyktan, hawtsyosyu",1,0,0,0,1,0,hikranvi,hawtsyosyu,0,Hikranvi is not a synonym of a hawtsyosyu.,0,0,1
synonyms,0,"hìmpxom, ngä', äzantsyìp",1,0,0,0,1,0,jumptious,tihilat,0,Jumptious is not a synonym of a tihilat.,0,0,1
types,0,"epxanro'tu, yengsyo, kllpxir",1,0,1,0,0,0,lickswinkle,epxanro'tu,0,Lickswinkle is a type of an epxanro'tu.,0,0,1
synonyms,0,"hangkem, jumptious, hìmpxom",1,0,1,0,0,0,nawngtu,hìmpxom,0,Nawngtu is a synonym of a hìmpxom.,0,0,1
synonyms,0,"heyreltu, numtsyal, squifflintu",1,0,1,0,0,0,payo,nawmpin,0,Payo is not a synonym of a nawmpin.,0,0,1
types,0,"kalingyu, karyun, tsngap",1,0,0,0,1,0,meypeyyu,kantxansngal,0,Meypeyyu is a type of a kantxansngal.,0,0,1
instances,0,"tutseotu, ngä', natthasat",1,0,1,0,0,0,tsnga,utumaut,0,Tsnga is a utumaut.,0,0,1
instances,0,"txawng, fnelat, tspangep",1,0,0,1,0,0,kllpxay,gloriump,0,Kllpxay is a gloriump.,0,0,1
instances,0,"eanfwe, maweyawr, pamtsena",1,0,0,1,0,0,paytxe'lan,pamtsena,0,Paytxe'lan is not a pamtsena.,0,0,1
instances,0,"tsmunongopyu, kxantsang, kllpxang",1,0,0,0,1,0,tsangep,pawkrr,0,Tsangep is a pawkrr.,0,0,1
types,0,"relsiyu, hufwep, kafiurat",1,0,1,0,0,0,hapxayo,paytxe'lan,0,Hapxayo is not a type of a paytxe'lan.,0,0,1
instances,0,"ontsyey, äzantsyìp, tsngap",1,0,0,0,1,0,tsngum,fwetsim,0,Tsngum is a fwetsim.,0,0,1
instances,0,"txatxkxe, pawkrr, tihilu",1,0,0,1,0,0,quogwin,kxekeng,0,Quogwin is a kxekeng.,0,0,1
synonyms,0,"eyavena, ngä', tihilat",1,0,0,0,1,0,zusawk,eyavena,0,Zusawk is a synonym of an eyavena.,0,0,1
types,0,"ikreng, kxara, äzantan",1,0,1,0,0,0,hufwep,äzantan,0,Hufwep is not a type of a äzantan.,0,0,1
synonyms,0,"paytxe'lan, mekreng, payo",1,0,1,0,0,0,kxumper,tsnga,0,Kxumper is not a synonym of a tsnga.,0,0,1
types,0,"fmawnol, hapxayo, tihilu",1,0,0,0,1,0,ikrazef,fmawnol,0,Ikrazef is a type of a fmawnol.,0,0,1
synonyms,0,"kaymauti, yengsyo, hikranvi",1,0,1,0,0,0,ngä',kaymauti,0,Ngä' is a synonym of a kaymauti.,0,0,1
synonyms,0,"miktsyo, mispichy, reympinvul",1,0,0,1,0,0,holpxanro'tu,mispichy,0,Holpxanro'tu is not a synonym of a mispichy.,0,0,1
types,0,"jumpamtil, zusawk, meypeyyu",1,0,1,0,0,0,kalep,meypeyyu,0,Kalep is not a type of a meypeyyu.,0,0,1
synonyms,0,"eanfwe, liswal, numeypeyyu",1,0,0,0,1,0,maweyawr,kafiurat,0,Maweyawr is not a synonym of a kafiurat.,0,0,1
synonyms,0,"hapxay, kllpxay, hawnetu",1,0,0,0,1,0,tsngawnol,hapxay,0,Tsngawnol is not a synonym of a hapxay.,0,0,1
types,0,"äzantan, ikrazef, reympinvul",1,0,1,0,0,0,yeyntu,reympinvul,0,Yeyntu is not a type of a reympinvul.,0,0,1
synonyms,0,"kawnetuwondercrunil, ikreng, kllpxang",1,0,0,0,1,0,kllpxir,kawnetuwondercrunil,0,Kllpxir is not a synonym of a kawnetuwondercrunil.,0,0,1
instances,0,"reympinvul, liswal, kxara",1,0,0,0,1,0,numtsyìp,hufwep,0,Numtsyìp is not a hufwep.,0,0,1
instances,0,"kxumper, kantxansngal, txawng",1,0,0,1,0,0,eyktanzaw,muntxayo,0,Eyktanzaw is a muntxayo.,0,0,1
instances,0,"eanfwe, maweyawr, pamtsena",1,0,0,1,0,0,paytxe'lan,maweyawr,0,Paytxe'lan is not a maweyawr.,0,0,1
instances,0,"kxumper, kantxansngal, txawng",1,0,0,0,1,0,eyktanzaw,kantxansngal,0,Eyktanzaw is not a kantxansngal.,0,0,1
synonyms,0,"muntxayo, jumpamtil, uniaea",1,0,1,0,0,0,katokx,quogwin,0,Katokx is a synonym of a quogwin.,0,0,1
types,0,"pewng, äzantsyìp, apxì",1,0,0,0,1,0,tìzingyu,puktsyo,0,Tìzingyu is a type of a puktsyo.,0,0,1
instances,0,"hapxay, kllpxay, hawnetu",1,0,0,0,1,0,tsngawnol,hawnetu,0,Tsngawnol is a hawnetu.,0,0,1
synonyms,0,"kewangyu, nikranvi, karyun",1,0,0,1,0,0,pawkrr,karyun,0,Pawkrr is a synonym of a karyun.,0,0,1
types,0,"mawnvenu, ewktsya, fwetsim",1,0,0,0,1,0,korengsyo,miktsyo,0,Korengsyo is a type of a miktsyo.,0,0,1
types,0,"tutseo, eltsyey, vawmtu",1,0,1,0,0,0,squifflintu,vawmtu,0,Squifflintu is a type of a vawmtu.,0,0,1
types,0,"txampam, aung, oeyktan",1,0,0,0,1,0,liswal,fmong,0,Liswal is not a type of a fmong.,0,0,1
instances,0,"tsengwal, nawmpin, tutseotu",1,0,0,0,1,0,kllpxang,nawmpin,0,Kllpxang is not a nawmpin.,0,0,1
synonyms,0,"pewng, äzantsyìp, apxì",1,0,0,0,1,0,tìzingyu,apxì,0,Tìzingyu is not a synonym of an apxì.,0,0,1
instances,0,"mucherwì, hapxayo, hikranvi",1,0,1,0,0,0,yentsyokx,hikranvi,0,Yentsyokx is a hikranvi.,0,0,1
types,0,"kawnetuwondercrunil, ikreng, kllpxang",1,0,0,0,1,0,kllpxir,kawnetuwondercrunil,0,Kllpxir is not a type of a kawnetuwondercrunil.,0,0,1
synonyms,0,"muntxayo, jumpamtil, uniaea",1,0,0,0,1,0,katokx,jumpamtil,0,Katokx is not a synonym of a jumpamtil.,0,0,1
types,0,"äzantan, ikrazef, reympinvul",1,0,0,0,1,0,yeyntu,ikrazef,0,Yeyntu is a type of an ikrazef.,0,0,1
types,0,"tskxen, txampam, hermeyu",1,0,0,0,1,0,jumpamtil,txampam,0,Jumpamtil is a type of a txampam.,0,0,1
instances,0,"hermeyu, ikreng, maweyawr",1,0,1,0,0,0,kxump,maweyawr,0,Kxump is a maweyawr.,0,0,1
instances,0,"ewktsya, kllpxang, hermeyu",1,0,1,0,0,0,vawmtu,ewktsya,0,Vawmtu is a ewktsya.,0,0,1
types,0,"txatxkxe, pawkrr, tihilu",1,0,0,1,0,0,quogwin,tstalseng,0,Quogwin is a type of a tstalseng.,0,0,1
synonyms,0,"reympinvul, txang, tsnguway",1,0,1,0,0,0,äzantan,wongopyu,0,Äzantan is not a synonym of a wongopyu.,0,0,1
types,0,"quogwin, kalingyu, numtsyìp",1,0,0,1,0,0,eyavena,kalingyu,0,Eyavena is not a type of a kalingyu.,0,0,1
types,0,"hapxay, kllpxang, fmawnol",1,0,1,0,0,0,pamtil,txansnay,0,Pamtil is a type of a txansnay.,0,0,1
types,0,"natthasat, wongopyu, fmong",1,0,0,1,0,0,hermeyu,eyktanzaw,0,Hermeyu is a type of an eyktanzaw.,0,0,1
synonyms,0,"kxumper, kantxansngal, txawng",1,0,0,0,1,0,eyktanzaw,kantxansngal,0,Eyktanzaw is not a synonym of a kantxansngal.,0,0,1
instances,0,"hawtsyosyu, wongopyu, ikrazef",1,0,1,0,0,0,kafiurat,wongopyu,0,Kafiurat is not a wongopyu.,0,0,1
types,0,"heyreltu, pewng, payo",1,0,1,0,0,0,tspangep,ewktsya,0,Tspangep is a type of a ewktsya.,0,0,1
instances,0,"hìmpxom, ngä', äzantsyìp",1,0,0,1,0,0,jumptious,tihilat,0,Jumptious is not a tihilat.,0,0,1
instances,0,"jumpamtil, eyavena, hermeyu",1,0,0,0,1,0,kantxansngal,reympinvul,0,Kantxansngal is not a reympinvul.,0,0,1
instances,0,"mucherwì, hapxayo, hikranvi",1,0,0,0,1,0,yentsyokx,kawnvenzekwä,0,Yentsyokx is not a kawnvenzekwä.,0,0,1
types,0,"uniaea, hufwep, mekreng",1,0,1,0,0,0,numtsyal,mekreng,0,Numtsyal is not a type of a mekreng.,0,0,1
types,0,"tsnguway, hermeyu, ikreng",1,0,0,0,1,0,ontsyey,kllpxir,0,Ontsyey is not a type of a kllpxir.,0,0,1
instances,0,"kawnvenzekwä, pasuksìm, kxump",1,0,0,0,1,0,tihilat,pamtsena,0,Tihilat is a pamtsena.,0,0,1
types,0,"muntxayo, jumpamtil, uniaea",1,0,0,0,1,0,katokx,epxanro'tu,0,Katokx is not a type of an epxanro'tu.,0,0,1
types,0,"apxì, bifflerotty, kxantsang",1,0,0,0,1,0,mekreng,fnelat,0,Mekreng is a type of a fnelat.,0,0,1
instances,0,"txampam, aung, oeyktan",1,0,0,0,1,0,liswal,miktsyo,0,Liswal is not a miktsyo.,0,0,1
synonyms,0,"kafiurat, txinfpìlok, tsngum",1,0,1,0,0,0,tstxopu,hapxay,0,Tstxopu is a synonym of a hapxay.,0,0,1
synonyms,0,"kxumper, fnelat, tsangep",1,0,0,1,0,0,mawnvenu,puktsyo,0,Mawnvenu is not a synonym of a puktsyo.,0,0,1
synonyms,0,"zusawke, txinfpìlok, hangkem",1,0,1,0,0,0,tsnguway,hangkem,0,Tsnguway is a synonym of a hangkem.,0,0,1
types,0,"nawngtu, mucherwì, flawkz",1,0,1,0,0,0,fnelem,kllpxir,0,Fnelem is not a type of a kllpxir.,0,0,1
types,0,"puktsyo, tstalseng, vawmtu",1,0,0,0,1,0,tskxen,vawmtu,0,Tskxen is not a type of a vawmtu.,0,0,1
types,0,"heyreltu, pewng, payo",1,0,0,0,1,0,tspangep,kllpxang,0,Tspangep is a type of a kllpxang.,0,0,1
synonyms,0,"ewktsya, kllpxang, hermeyu",1,0,1,0,0,0,vawmtu,tstalseng,0,Vawmtu is a synonym of a tstalseng.,0,0,1
synonyms,0,"txawng, fnelat, tspangep",1,0,0,0,1,0,kllpxay,jumptious,0,Kllpxay is not a synonym of jumptious.,0,0,1
types,0,"kewangyu, eltsyon, ngä'",1,0,1,0,0,0,bifflerotty,aung,0,Bifflerotty is a type of an aung.,0,0,1
synonyms,0,"quogwin, kalingyu, numtsyìp",1,0,0,0,1,0,eyavena,quogwin,0,Eyavena is not a synonym of a quogwin.,0,0,1
synonyms,0,"hapxayo, tsangep, korengsyo",1,0,0,0,1,0,ionari,korengsyo,0,Ionari is not a synonym of a korengsyo.,0,0,1
synonyms,0,"kalingyu, karyun, tsngap",1,0,0,0,1,0,meypeyyu,kantxansngal,0,Meypeyyu is a synonym of a kantxansngal.,0,0,1
types,0,"äzantan, ikrazef, reympinvul",1,0,0,1,0,0,yeyntu,eltsyon,0,Yeyntu is not a type of an eltsyon.,0,0,1
types,0,"tsnguway, hì'angrr, waynivi",1,0,0,1,0,0,fmawe'tu,hì'angrr,0,Fmawe'tu is a type of a hì'angrr.,0,0,1
types,0,"fmawnol, jumpamtil, utumaut",1,0,0,0,1,0,heyreltu,fmawnol,0,Heyreltu is not a type of a fmawnol.,0,0,1
types,0,"eyktanzaw, äzantsyìp, fmawe'tu",1,0,0,0,1,0,txatxkxe,fmawe'tu,0,Txatxkxe is not a type of a fmawe'tu.,0,0,1
synonyms,0,"zusawke, txinfpìlok, hangkem",1,0,0,0,1,0,tsnguway,zusawk,0,Tsnguway is not a synonym of a zusawk.,0,0,1
instances,0,"waynivi, txeptsena, kllpxir",1,0,0,0,1,0,nikranvi,numtsyal,0,Nikranvi is not a numtsyal.,0,0,1
instances,0,"ewktsya, tìzingyu, heyreltu",1,0,0,1,0,0,mucherwì,heyreltu,0,Mucherwì is a heyreltu.,0,0,1
types,0,"ontsyey, tutseotu, lamourly",1,0,0,1,0,0,hawnetu,quogwin,0,Hawnetu is not a type of a quogwin.,0,0,1
types,0,"kxara, lawkx, holpxanro'tu",1,0,0,0,1,0,epxanro'tu,tspangep,0,Epxanro'tu is a type of a tspangep.,0,0,1
types,0,"mekreng, mucherwì, lamourly",1,0,0,1,0,0,eltsyey,vawmtu,0,Eltsyey is a type of a vawmtu.,0,0,1
instances,0,"fnelat, kxeye'ung, tspangep",1,0,1,0,0,0,hìmpxom,tspangep,0,Hìmpxom is not a tspangep.,0,0,1
instances,0,"wongopyu, kxumper, jumpamtil",1,0,0,0,1,0,pamtsena,wongopyu,0,Pamtsena is not a wongopyu.,0,0,1
types,0,"txampam, aung, oeyktan",1,0,0,1,0,0,liswal,fmong,0,Liswal is a type of a fmong.,0,0,1
instances,0,"äzantan, ikrazef, reympinvul",1,0,1,0,0,0,yeyntu,reympinvul,0,Yeyntu is not a reympinvul.,0,0,1
types,0,"eyavena, ngä', tihilat",1,0,1,0,0,0,zusawk,txawng,0,Zusawk is a type of a txawng.,0,0,1
instances,0,"txatxkxe, pawkrr, tihilu",1,0,0,0,1,0,quogwin,tsnga,0,Quogwin is a tsnga.,0,0,1
types,0,"fnelem, uniaea, aung",1,0,0,1,0,0,dogswo,tsngum,0,Dogswo is not a type of a tsngum.,0,0,1
instances,0,"hì'angrr, fnelem, squifflintu",1,0,1,0,0,0,weptse,squifflintu,0,Weptse is not a squifflintu.,0,0,1
synonyms,0,"liswal, txatxkxe, tutseo",1,0,1,0,0,0,niktsawk,liswal,0,Niktsawk is not a synonym of a liswal.,0,0,1
types,0,"reympinvul, liswal, kxara",1,0,0,0,1,0,numtsyìp,quogwin,0,Numtsyìp is a type of a quogwin.,0,0,1
instances,0,"mawnvenu, ewktsya, fwetsim",1,0,1,0,0,0,korengsyo,ikreng,0,Korengsyo is not an ikreng.,0,0,1
instances,0,"hermeyu, korengsyo, numeypeyyu",1,0,0,0,1,0,waynivi,aung,0,Waynivi is not an aung.,0,0,1
instances,0,"ionari, tihilu, gloriump",1,0,1,0,0,0,kewangyu,ionari,0,Kewangyu is an ionari.,0,0,1
instances,0,"mekreng, oeyktan, hawtsyosyu",1,0,1,0,0,0,hikranvi,oeyktan,0,Hikranvi is an oeyktan.,0,0,1
instances,0,"waynivi, tsengwal, kewangyu",1,0,0,0,1,0,kawnvenzekwä,waynivi,0,Kawnvenzekwä is a waynivi.,0,0,1
types,0,"asqoy, numeypeyyu, nawngtu",1,0,0,1,0,0,yengsyo,tspangep,0,Yengsyo is not a type of a tspangep.,0,0,1
instances,0,"äzantsyìp, tsmunongopyu, tstalseng",1,0,1,0,0,0,tutseo,tstalseng,0,Tutseo is a tstalseng.,0,0,1
types,0,"asqoy, numeypeyyu, nawngtu",1,0,0,0,1,0,yengsyo,asqoy,0,Yengsyo is a type of an asqoy.,0,0,1
types,0,"hìmpxom, ngä', äzantsyìp",1,0,1,0,0,0,jumptious,ngä',0,Jumptious is not a type of a ngä'.,0,0,1
instances,0,"puktsyo, tstalseng, vawmtu",1,0,0,0,1,0,tskxen,pamtsena,0,Tskxen is a pamtsena.,0,0,1
synonyms,0,"kawnetuwondercrunil, ikreng, kllpxang",1,0,0,1,0,0,kllpxir,txinfpìlok,0,Kllpxir is a synonym of a txinfpìlok.,0,0,1
types,0,"tstxopu, txawng, txinfpìlok",1,0,1,0,0,0,tsengwal,hìmpxom,0,Tsengwal is a type of a hìmpxom.,0,0,1
instances,0,"ewktsya, kllpxang, hermeyu",1,0,0,0,1,0,vawmtu,ewktsya,0,Vawmtu is not a ewktsya.,0,0,1
synonyms,0,"kewangyu, nikranvi, karyun",1,0,0,1,0,0,pawkrr,nikranvi,0,Pawkrr is a synonym of a nikranvi.,0,0,1
instances,0,"eyavena, ngä', tihilat",1,0,0,0,1,0,zusawk,kllpxir,0,Zusawk is not a kllpxir.,0,0,1
instances,0,"eanfwe, liswal, numeypeyyu",1,0,1,0,0,0,maweyawr,kaymauti,0,Maweyawr is a kaymauti.,0,0,1
types,0,"kxumper, fnelat, tsangep",1,0,0,0,1,0,mawnvenu,nawmpin,0,Mawnvenu is not a type of a nawmpin.,0,0,1
types,0,"fmawnol, hapxayo, tihilu",1,0,0,1,0,0,ikrazef,hapxayo,0,Ikrazef is a type of a hapxayo.,0,0,1
types,0,"puktsyo, tstalseng, vawmtu",1,0,0,0,1,0,tskxen,pamtsena,0,Tskxen is a type of a pamtsena.,0,0,1
synonyms,0,"fmawnol, jumpamtil, utumaut",1,0,0,1,0,0,heyreltu,holpxanro'tu,0,Heyreltu is not a synonym of a holpxanro'tu.,0,0,1
types,0,"karyun, kafiurat, tsnguway",1,0,0,1,0,0,hapxay,holpxanro'tu,0,Hapxay is not a type of a holpxanro'tu.,0,0,1
instances,0,"txatxkxe, fmawnol, fwetsim",1,0,0,0,1,0,txansnay,fnelem,0,Txansnay is not a fnelem.,0,0,1
types,0,"jumpamtil, eyavena, hermeyu",1,0,0,0,1,0,kantxansngal,jumpamtil,0,Kantxansngal is a type of a jumpamtil.,0,0,1
types,0,"niktsawk, zusawke, kllpxir",1,0,0,0,1,0,annevalat ,hawnetu,0,Annevalat  is a type of a hawnetu.,0,0,1
types,0,"tìzingyu, katokx, lawkx",1,0,0,1,0,0,kawnetuwondercrunil,squifflintu,0,Kawnetuwondercrunil is not a type of a squifflintu.,0,0,1
synonyms,0,"fmong, nikranvi, tsngap",1,0,0,1,0,0,ewktsya,tsngap,0,Ewktsya is not a synonym of a tsngap.,0,0,1
synonyms,0,"apxì, eyktanzaw, muntxayo",1,0,0,1,0,0,awazaaj,apxì,0,Awazaaj is not a synonym of an apxì.,0,0,1
synonyms,0,"ikreng, kxara, äzantan",1,0,1,0,0,0,hufwep,kxara,0,Hufwep is a synonym of a kxara.,0,0,1
synonyms,0,"ionari, tstalseng, tìzingyu",1,0,0,0,1,0,zusawke,kxeye'ung,0,Zusawke is not a synonym of a kxeye'ung.,0,0,1
instances,0,"hapxay, kllpxang, fmawnol",1,0,0,1,0,0,pamtil,hapxay,0,Pamtil is not a hapxay.,0,0,1
types,0,"miktsyo, payo, txawng",1,0,0,0,1,0,kaymauti,payo,0,Kaymauti is a type of a payo.,0,0,1
instances,0,"kawnetuwondercrunil, ikreng, kllpxang",1,0,0,0,1,0,kllpxir,payo,0,Kllpxir is not a payo.,0,0,1
synonyms,0,"numtsyìp, tsmunongopyu, pamtsena",1,0,0,0,1,0,lawkx,tsmunongopyu,0,Lawkx is a synonym of a tsmunongopyu.,0,0,1
instances,0,"fmawnol, hapxayo, tihilu",1,0,0,1,0,0,ikrazef,fmawnol,0,Ikrazef is not a fmawnol.,0,0,1
instances,0,"ewktsya, kllpxang, hermeyu",1,0,0,1,0,0,vawmtu,kllpxang,0,Vawmtu is a kllpxang.,0,0,1
instances,0,"tsnga, yentsyokx, kaymauti",1,0,0,1,0,0,wongopyu,quogwin,0,Wongopyu is a quogwin.,0,0,1
types,0,"tsnguway, hì'angrr, waynivi",1,0,0,1,0,0,fmawe'tu,tsangep,0,Fmawe'tu is not a type of a tsangep.,0,0,1
synonyms,0,"tsmunongopyu, kxantsang, kllpxang",1,0,1,0,0,0,tsangep,pawkrr,0,Tsangep is a synonym of a pawkrr.,0,0,1
types,0,"tutseotu, ngä', natthasat",1,0,1,0,0,0,tsnga,aung,0,Tsnga is a type of an aung.,0,0,1
types,0,"korengsyo, kxekeng, ikreng",1,0,1,0,0,0,kekyu,gloriump,0,Kekyu is not a type of a gloriump.,0,0,1
synonyms,0,"miktsyo, mispichy, reympinvul",1,0,1,0,0,0,holpxanro'tu,kentsyey,0,Holpxanro'tu is a synonym of a kentsyey.,0,0,1
synonyms,0,"ionari, tihilu, gloriump",1,0,0,1,0,0,kewangyu,gloriump,0,Kewangyu is not a synonym of a gloriump.,0,0,1
instances,0,"pewng, äzantsyìp, apxì",1,0,0,0,1,0,tìzingyu,apxì,0,Tìzingyu is an apxì.,0,0,1
instances,0,"kentsyey, eltsyon, mispichy",1,0,0,0,1,0,miktsyo,gloriump,0,Miktsyo is a gloriump.,0,0,1
instances,0,"äzantsyìp, tsmunongopyu, tstalseng",1,0,0,0,1,0,tutseo,tsmunongopyu,0,Tutseo is a tsmunongopyu.,0,0,1
types,0,"ikreng, kxara, äzantan",1,0,1,0,0,0,hufwep,txeptsena,0,Hufwep is a type of a txeptsena.,0,0,1
types,0,"quogwin, kalingyu, numtsyìp",1,0,1,0,0,0,eyavena,kxantsang,0,Eyavena is a type of a kxantsang.,0,0,1
synonyms,0,"tsnguway, hermeyu, ikreng",1,0,1,0,0,0,ontsyey,hermeyu,0,Ontsyey is a synonym of a hermeyu.,0,0,1
types,0,"hangkem, jumptious, hìmpxom",1,0,0,0,1,0,nawngtu,tskxen,0,Nawngtu is not a type of a tskxen.,0,0,1
instances,0,"tsnguway, fwetsim, nawngtu",1,0,0,0,1,0,oeykekyunay,fwetsim,0,Oeykekyunay is not a fwetsim.,0,0,1
synonyms,0,"uniaea, hufwep, mekreng",1,0,0,0,1,0,numtsyal,uniaea,0,Numtsyal is not a synonym of a uniaea.,0,0,1
instances,0,"äzantsyìp, eyktanzaw, zusawke",1,0,0,0,1,0,pasuksìm,äzantsyìp,0,Pasuksìm is not a äzantsyìp.,0,0,1
synonyms,0,"paytxe'lan, txang, hawnetu",1,0,0,1,0,0,lamourly,paytxe'lan,0,Lamourly is not a synonym of a paytxe'lan.,0,0,1
instances,0,"tsnga, yentsyokx, kaymauti",1,0,0,0,1,0,wongopyu,fmawe'tu,0,Wongopyu is a fmawe'tu.,0,0,1
synonyms,0,"mucherwì, hapxayo, hikranvi",1,0,0,0,1,0,yentsyokx,hikranvi,0,Yentsyokx is a synonym of a hikranvi.,0,0,1
instances,0,"liswal, txatxkxe, tutseo",1,0,0,0,1,0,niktsawk,tutseo,0,Niktsawk is a tutseo.,0,0,1
synonyms,0,"pewng, äzantsyìp, apxì",1,0,0,0,1,0,tìzingyu,hikranvi,0,Tìzingyu is a synonym of a hikranvi.,0,0,1
types,0,"hawtsyosyu, wongopyu, ikrazef",1,0,1,0,0,0,kafiurat,flawkz,0,Kafiurat is a type of a flawkz.,0,0,1
synonyms,0,"hermeyu, ikreng, maweyawr",1,0,0,0,1,0,kxump,zusawke,0,Kxump is a synonym of a zusawke.,0,0,1
types,0,"mekreng, oeyktan, hawtsyosyu",1,0,0,0,1,0,hikranvi,mekreng,0,Hikranvi is not a type of a mekreng.,0,0,1
instances,0,"tìzingyu, katokx, lawkx",1,0,0,0,1,0,kawnetuwondercrunil,squifflintu,0,Kawnetuwondercrunil is not a squifflintu.,0,0,1
synonyms,0,"bifflerotty, flawkz, jumpamtil",1,0,0,0,1,0,fmong,tskxen,0,Fmong is not a synonym of a tskxen.,0,0,1
instances,0,"ikrazef, meypeyyu, niktsawk",1,0,0,1,0,0,txampam,niktsawk,0,Txampam is a niktsawk.,0,0,1
instances,0,"kxara, lawkx, holpxanro'tu",1,0,0,0,1,0,epxanro'tu,mucherwì,0,Epxanro'tu is not a mucherwì.,0,0,1
synonyms,0,"kxantsang, ewktsya, tsengwal",1,0,0,0,1,0,eampayfya,numtsyìp,0,Eampayfya is not a synonym of a numtsyìp.,0,0,1
types,0,"hapxayo, tsangep, korengsyo",1,0,0,0,1,0,ionari,hufwep,0,Ionari is a type of a hufwep.,0,0,1
instances,0,"tìzingyu, katokx, lawkx",1,0,0,0,1,0,kawnetuwondercrunil,lawkx,0,Kawnetuwondercrunil is a lawkx.,0,0,1
types,0,"kekyu, äzantan, natthasat",1,0,1,0,0,0,tutseotu,kawnetuwondercrunil,0,Tutseotu is a type of a kawnetuwondercrunil.,0,0,1
synonyms,0,"apxì, eyktanzaw, muntxayo",1,0,0,0,1,0,awazaaj,nawngtu,0,Awazaaj is not a synonym of a nawngtu.,0,0,1
instances,0,"txatxkxe, fmawnol, fwetsim",1,0,0,0,1,0,txansnay,kaymauti,0,Txansnay is a kaymauti.,0,0,1
synonyms,0,"kentsyey, eltsyon, mispichy",1,0,0,1,0,0,miktsyo,gloriump,0,Miktsyo is a synonym of a gloriump.,0,0,1
synonyms,0,"kxumper, tsngum, kllpxay",1,0,1,0,0,0,pewng,kxara,0,Pewng is not a synonym of a kxara.,0,0,1
synonyms,0,"ionari, tihilu, gloriump",1,0,1,0,0,0,kewangyu,tihilu,0,Kewangyu is a synonym of a tihilu.,0,0,1
instances,0,"hawtsyosyu, wongopyu, ikrazef",1,0,0,0,1,0,kafiurat,flawkz,0,Kafiurat is a flawkz.,0,0,1
instances,0,"äzantsyìp, tsmunongopyu, txampam",1,0,1,0,0,0,kxantsang,tsmunongopyu,0,Kxantsang is a tsmunongopyu.,0,0,1
types,0,"äzantsyìp, tsmunongopyu, tstalseng",1,0,0,0,1,0,tutseo,äzantsyìp,0,Tutseo is a type of a äzantsyìp.,0,0,1
synonyms,0,"tsmunongopyu, tutseotu, awazaaj",1,0,1,0,0,0,flawkz,tsmunongopyu,0,Flawkz is a synonym of a tsmunongopyu.,0,0,1
types,0,"fnelem, uniaea, aung",1,0,1,0,0,0,dogswo,utumaut,0,Dogswo is not a type of a utumaut.,0,0,1
types,0,"tsrunionari, hikranvi, mucherwì",1,0,0,0,1,0,oeyktan,liswal,0,Oeyktan is not a type of a liswal.,0,0,1
synonyms,0,"annevalat , waynivi, kllpxay",1,0,0,0,1,0,txang,nawmpin,0,Txang is a synonym of a nawmpin.,0,0,1
types,0,"tsengwal, nawmpin, tutseotu",1,0,0,1,0,0,kllpxang,nawmpin,0,Kllpxang is not a type of a nawmpin.,0,0,1
types,0,"kxara, pawkrr, tspangep",1,0,0,1,0,0,fkxa,hawnetu,0,Fkxa is a type of a hawnetu.,0,0,1
instances,0,"pamtil, fmong, txansnay",1,0,1,0,0,0,txawng,txansnay,0,Txawng is not a txansnay.,0,0,1
synonyms,0,"heyreltu, pewng, payo",1,0,0,1,0,0,tspangep,ewktsya,0,Tspangep is a synonym of a ewktsya.,0,0,1
instances,0,"paytxe'lan, mekreng, payo",1,0,0,0,1,0,kxumper,tsnga,0,Kxumper is not a tsnga.,0,0,1
instances,0,"eanfwe, liswal, numeypeyyu",1,0,0,1,0,0,maweyawr,liswal,0,Maweyawr is a liswal.,0,0,1
synonyms,0,"hermeyu, ikreng, maweyawr",1,0,1,0,0,0,kxump,pasuksìm,0,Kxump is not a synonym of a pasuksìm.,0,0,1
synonyms,0,"tsnguway, hì'angrr, waynivi",1,0,0,0,1,0,fmawe'tu,hì'angrr,0,Fmawe'tu is a synonym of a hì'angrr.,0,0,1
types,0,"jumpamtil, eyavena, hermeyu",1,0,1,0,0,0,kantxansngal,eyavena,0,Kantxansngal is a type of an eyavena.,0,0,1
types,0,"natthasat, wongopyu, fmong",1,0,1,0,0,0,hermeyu,natthasat,0,Hermeyu is not a type of a natthasat.,0,0,1
types,0,"mawnvenu, ewktsya, fwetsim",1,0,0,0,1,0,korengsyo,mawnvenu,0,Korengsyo is not a type of a mawnvenu.,0,0,1
instances,0,"fmong, nikranvi, tsngap",1,0,0,0,1,0,ewktsya,liswal,0,Ewktsya is a liswal.,0,0,1
synonyms,0,"zusawk, karyun, eltsyey",1,0,0,0,1,0,hawtsyosyu,karyun,0,Hawtsyosyu is not a synonym of a karyun.,0,0,1
types,0,"fmawnol, jumpamtil, utumaut",1,0,0,0,1,0,heyreltu,jumpamtil,0,Heyreltu is not a type of a jumpamtil.,0,0,1
instances,0,"annevalat , waynivi, kllpxay",1,0,0,1,0,0,txang,hapxayo,0,Txang is not a hapxayo.,0,0,1
instances,0,"tsnguway, fwetsim, nawngtu",1,0,0,1,0,0,oeykekyunay,kllpxang,0,Oeykekyunay is not a kllpxang.,0,0,1
instances,0,"heyreltu, pewng, payo",1,0,1,0,0,0,tspangep,ewktsya,0,Tspangep is a ewktsya.,0,0,1
synonyms,0,"tutseotu, pewng, bifflerotty",1,0,0,0,1,0,uniaea,tutseo,0,Uniaea is not a synonym of a tutseo.,0,0,1
instances,0,"kawnetuwondercrunil, ikreng, kllpxang",1,0,0,1,0,0,kllpxir,ikreng,0,Kllpxir is an ikreng.,0,0,1
instances,0,"tsengwal, nawmpin, tutseotu",1,0,0,0,1,0,kllpxang,tutseotu,0,Kllpxang is a tutseotu.,0,0,1
synonyms,0,"heyreltu, kentsyey, tstxopu",1,0,0,1,0,0,puktsyo,fmawnol,0,Puktsyo is not a synonym of a fmawnol.,0,0,1
synonyms,0,"miktsyo, mispichy, reympinvul",1,0,0,1,0,0,holpxanro'tu,kxeye'ung,0,Holpxanro'tu is a synonym of a kxeye'ung.,0,0,1
instances,0,"paytxe'lan, mekreng, payo",1,0,1,0,0,0,kxumper,txatxkxe,0,Kxumper is not a txatxkxe.,0,0,1
synonyms,0,"tsngum, kentsyey, kxantsang",1,0,0,0,1,0,fmawnol,kxantsang,0,Fmawnol is not a synonym of a kxantsang.,0,0,1
synonyms,0,"reympinvul, liswal, kxara",1,0,0,1,0,0,numtsyìp,kllpxir,0,Numtsyìp is not a synonym of a kllpxir.,0,0,1
instances,0,"tìzingyu, katokx, lawkx",1,0,0,0,1,0,kawnetuwondercrunil,jumpamtil,0,Kawnetuwondercrunil is not a jumpamtil.,0,0,1
types,0,"ontsyey, äzantsyìp, tsngap",1,0,0,0,1,0,tsngum,äzantsyìp,0,Tsngum is not a type of a äzantsyìp.,0,0,1
instances,0,"tsnga, yentsyokx, kaymauti",1,0,0,0,1,0,wongopyu,tsnga,0,Wongopyu is a tsnga.,0,0,1
instances,0,"zusawke, kalep, kllpxir",1,0,0,0,1,0,txinfpìlok,kllpxir,0,Txinfpìlok is a kllpxir.,0,0,1
instances,0,"tsengwal, nawmpin, tutseotu",1,0,1,0,0,0,kllpxang,nawmpin,0,Kllpxang is a nawmpin.,0,0,1
instances,0,"tspangep, karyun, kxump",1,0,0,0,1,0,natthasat,kxump,0,Natthasat is not a kxump.,0,0,1
instances,0,"miktsyo, mispichy, reympinvul",1,0,0,0,1,0,holpxanro'tu,kentsyey,0,Holpxanro'tu is a kentsyey.,0,0,1
synonyms,0,"ewktsya, kllpxang, hermeyu",1,0,0,1,0,0,vawmtu,kllpxang,0,Vawmtu is a synonym of a kllpxang.,0,0,1
instances,0,"fnelem, uniaea, aung",1,0,0,1,0,0,dogswo,aung,0,Dogswo is an aung.,0,0,1
instances,0,"kawnetuwondercrunil, ikreng, kllpxang",1,0,0,0,1,0,kllpxir,ikreng,0,Kllpxir is not an ikreng.,0,0,1
synonyms,0,"hìmpxom, ngä', äzantsyìp",1,0,0,1,0,0,jumptious,ikreng,0,Jumptious is not a synonym of an ikreng.,0,0,1
types,0,"ionari, tstalseng, tìzingyu",1,0,1,0,0,0,zusawke,kxeye'ung,0,Zusawke is not a type of a kxeye'ung.,0,0,1
instances,0,"hapxay, tsrunionari, weptse",1,0,1,0,0,0,fwetsim,txansnay,0,Fwetsim is not a txansnay.,0,0,1
synonyms,0,"fmawnol, jumpamtil, utumaut",1,0,0,0,1,0,heyreltu,utumaut,0,Heyreltu is not a synonym of a utumaut.,0,0,1
types,0,"hawtsyosyu, wongopyu, ikrazef",1,0,0,0,1,0,kafiurat,wongopyu,0,Kafiurat is not a type of a wongopyu.,0,0,1
instances,0,"lawkx, annevalat , waynivi",1,0,0,0,1,0,fnelat,annevalat ,0,Fnelat is not an annevalat .,0,0,1
synonyms,0,"zusawk, hì'angrr, maweyawr",1,0,0,0,1,0,txeptsena,maweyawr,0,Txeptsena is a synonym of a maweyawr.,0,0,1
types,0,"uniaea, hufwep, mekreng",1,0,0,0,1,0,numtsyal,kllpxay,0,Numtsyal is a type of a kllpxay.,0,0,1
instances,0,"tsmunongopyu, flawkz, kawnetuwondercrunil",1,0,0,1,0,0,äzantsyìp,äzantsyìp,0,Äzantsyìp is not a äzantsyìp.,0,0,1
synonyms,0,"fmawe'tu, kllpxay, eltsyon",1,0,0,0,1,0,mispichy,fmawe'tu,0,Mispichy is not a synonym of a fmawe'tu.,0,0,1
types,0,"ewktsya, kllpxang, hermeyu",1,0,0,1,0,0,vawmtu,ewktsya,0,Vawmtu is a type of a ewktsya.,0,0,1
synonyms,0,"fmawnol, hapxayo, tihilu",1,0,0,0,1,0,ikrazef,hapxayo,0,Ikrazef is not a synonym of a hapxayo.,0,0,1
types,0,"kewangyu, nikranvi, karyun",1,0,0,1,0,0,pawkrr,oeyktan,0,Pawkrr is not a type of an oeyktan.,0,0,1
instances,0,"kxumper, fnelat, tsangep",1,0,1,0,0,0,mawnvenu,tsangep,0,Mawnvenu is a tsangep.,0,0,1
instances,0,"reympinvul, txang, tsnguway",1,0,0,0,1,0,äzantan,tsnguway,0,Äzantan is not a tsnguway.,0,0,1
instances,0,"heyreltu, numtsyal, squifflintu",1,0,0,1,0,0,payo,heyreltu,0,Payo is a heyreltu.,0,0,1
types,0,"ewktsya, tìzingyu, heyreltu",1,0,0,0,1,0,mucherwì,ionari,0,Mucherwì is not a type of an ionari.,0,0,1
types,0,"kxumper, karyun, kalingyu",1,0,1,0,0,0,tsmunongopyu,kxumper,0,Tsmunongopyu is not a type of a kxumper.,0,0,1
instances,0,"tsrunionari, hikranvi, mucherwì",1,0,0,0,1,0,oeyktan,liswal,0,Oeyktan is not a liswal.,0,0,1
instances,0,"ionari, tstalseng, tìzingyu",1,0,1,0,0,0,zusawke,ionari,0,Zusawke is an ionari.,0,0,1
synonyms,0,"fmong, nikranvi, tsngap",1,0,1,0,0,0,ewktsya,nikranvi,0,Ewktsya is not a synonym of a nikranvi.,0,0,1
instances,0,"paytxe'lan, mekreng, payo",1,0,1,0,0,0,kxumper,kxeye'ung,0,Kxumper is a kxeye'ung.,0,0,1
instances,0,"eanfwe, maweyawr, pamtsena",1,0,0,1,0,0,paytxe'lan,flawkz,0,Paytxe'lan is a flawkz.,0,0,1
synonyms,0,"kewangyu, nikranvi, karyun",1,0,0,1,0,0,pawkrr,pamtil,0,Pawkrr is a synonym of a pamtil.,0,0,1
instances,0,"ikrazef, meypeyyu, niktsawk",1,0,0,1,0,0,txampam,ikrazef,0,Txampam is an ikrazef.,0,0,1
synonyms,0,"hawtsyosyu, nikranvi, pawkrr",1,0,0,0,1,0,ikreng,nikranvi,0,Ikreng is a synonym of a nikranvi.,0,0,1
types,0,"txatxkxe, fmawnol, fwetsim",1,0,0,1,0,0,txansnay,fwetsim,0,Txansnay is a type of a fwetsim.,0,0,1
synonyms,0,"äzantsyìp, hì'angrr, numtsyal",1,0,0,0,1,0,kentsyey,numtsyal,0,Kentsyey is not a synonym of a numtsyal.,0,0,1
types,0,"epxanro'tu, yengsyo, kllpxir",1,0,0,0,1,0,lickswinkle,yengsyo,0,Lickswinkle is not a type of a yengsyo.,0,0,1
types,0,"fmawe'tu, kllpxay, eltsyon",1,0,0,1,0,0,mispichy,fnelem,0,Mispichy is a type of a fnelem.,0,0,1
instances,0,"kxara, lawkx, holpxanro'tu",1,0,1,0,0,0,epxanro'tu,hangkem,0,Epxanro'tu is a hangkem.,0,0,1
instances,0,"mekreng, oeyktan, hawtsyosyu",1,0,0,1,0,0,hikranvi,oeyktan,0,Hikranvi is not an oeyktan.,0,0,1
instances,0,"pewng, äzantsyìp, apxì",1,0,1,0,0,0,tìzingyu,hikranvi,0,Tìzingyu is a hikranvi.,0,0,1
instances,0,"tsmunongopyu, tutseotu, awazaaj",1,0,0,1,0,0,flawkz,tutseotu,0,Flawkz is a tutseotu.,0,0,1
instances,0,"asqoy, jumptious, kewangyu",1,0,0,1,0,0,tsngap,kewangyu,0,Tsngap is not a kewangyu.,0,0,1
instances,0,"äzantsyìp, eyktanzaw, zusawke",1,0,0,0,1,0,pasuksìm,puktsyo,0,Pasuksìm is not a puktsyo.,0,0,1
synonyms,0,"muntxayo, jumpamtil, uniaea",1,0,0,0,1,0,katokx,muntxayo,0,Katokx is a synonym of a muntxayo.,0,0,1
synonyms,0,"kxara, lawkx, holpxanro'tu",1,0,0,0,1,0,epxanro'tu,hangkem,0,Epxanro'tu is a synonym of a hangkem.,0,0,1
synonyms,0,"ontsyey, tutseotu, lamourly",1,0,1,0,0,0,hawnetu,quogwin,0,Hawnetu is not a synonym of a quogwin.,0,0,1
synonyms,0,"tìzingyu, katokx, lawkx",1,0,1,0,0,0,kawnetuwondercrunil,squifflintu,0,Kawnetuwondercrunil is not a synonym of a squifflintu.,0,0,1
instances,0,"waynivi, tsengwal, kewangyu",1,0,0,0,1,0,kawnvenzekwä,kewangyu,0,Kawnvenzekwä is a kewangyu.,0,0,1
synonyms,0,"hapxay, kllpxang, fmawnol",1,0,1,0,0,0,pamtil,txansnay,0,Pamtil is a synonym of a txansnay.,0,0,1
types,0,"heyreltu, kllpxang, utumaut",1,0,1,0,0,0,kxekeng,fwetsim,0,Kxekeng is a type of a fwetsim.,0,0,1
instances,0,"kxantsang, ikreng, hufwep",1,0,0,1,0,0,eltsyon,hufwep,0,Eltsyon is a hufwep.,0,0,1
types,0,"ionari, tstalseng, tìzingyu",1,0,0,1,0,0,zusawke,ionari,0,Zusawke is not a type of an ionari.,0,0,1
instances,0,"kawnvenzekwä, pasuksìm, kxump",1,0,0,1,0,0,tihilat,mucherwì,0,Tihilat is not a mucherwì.,0,0,1
synonyms,0,"hìmpxom, ngä', äzantsyìp",1,0,0,1,0,0,jumptious,oeyktan,0,Jumptious is not a synonym of an oeyktan.,0,0,1
instances,0,"tsnguway, hermeyu, ikreng",1,0,1,0,0,0,ontsyey,hermeyu,0,Ontsyey is a hermeyu.,0,0,1
types,0,"pamtsena, hapxay, flawkz",1,0,0,0,1,0,tsrunionari,flawkz,0,Tsrunionari is not a type of a flawkz.,0,0,1
types,0,"kewangyu, eltsyon, ngä'",1,0,1,0,0,0,bifflerotty,maweyawr,0,Bifflerotty is a type of a maweyawr.,0,0,1
instances,0,"pamtsena, hapxay, flawkz",1,0,0,1,0,0,tsrunionari,hapxay,0,Tsrunionari is not a hapxay.,0,0,1
instances,0,"tstxopu, txawng, txinfpìlok",1,0,0,0,1,0,tsengwal,tstxopu,0,Tsengwal is not a tstxopu.,0,0,1
instances,0,"txampam, aung, oeyktan",1,0,0,0,1,0,liswal,fmong,0,Liswal is not a fmong.,0,0,1
synonyms,0,"tsngap, eltsyon, tsnguway",1,0,0,0,1,0,reympinvul,kxara,0,Reympinvul is not a synonym of a kxara.,0,0,1
instances,0,"hermeyu, ikreng, maweyawr",1,0,0,0,1,0,kxump,zusawke,0,Kxump is a zusawke.,0,0,1
instances,0,"niktsawk, zusawke, kllpxir",1,0,0,0,1,0,annevalat ,niktsawk,0,Annevalat  is not a niktsawk.,0,0,1
types,0,"kxumper, tsngum, kllpxay",1,0,0,0,1,0,pewng,tsngum,0,Pewng is a type of a tsngum.,0,0,1
types,0,"kxumper, fnelat, tsangep",1,0,0,0,1,0,mawnvenu,tìzingyu,0,Mawnvenu is a type of a tìzingyu.,0,0,1
instances,0,"äzantsyìp, eyktanzaw, zusawke",1,0,1,0,0,0,pasuksìm,ikreng,0,Pasuksìm is not an ikreng.,0,0,1
types,0,"asqoy, jumptious, kewangyu",1,0,0,0,1,0,tsngap,jumptious,0,Tsngap is a type of jumptious.,0,0,1
synonyms,0,"kxumper, kantxansngal, txawng",1,0,0,0,1,0,eyktanzaw,lamourly,0,Eyktanzaw is not a synonym of a lamourly.,0,0,1
types,0,"mucherwì, hapxayo, hikranvi",1,0,0,0,1,0,yentsyokx,liswal,0,Yentsyokx is not a type of a liswal.,0,0,1
instances,0,"korengsyo, kxekeng, ikreng",1,0,0,0,1,0,kekyu,korengsyo,0,Kekyu is not a korengsyo.,0,0,1
instances,0,"fwetsim, hapxayo, asqoy",1,0,0,0,1,0,hì'angrr,ikreng,0,Hì'angrr is not an ikreng.,0,0,1
types,0,"fkxa, pamtsena, kafiurat",1,0,1,0,0,0,kxeye'ung,txatxkxe,0,Kxeye'ung is a type of a txatxkxe.,0,0,1
synonyms,0,"äzantsyìp, eyktanzaw, zusawke",1,0,0,1,0,0,pasuksìm,tsmunongopyu,0,Pasuksìm is a synonym of a tsmunongopyu.,0,0,1
instances,0,"tutseo, eltsyey, vawmtu",1,0,1,0,0,0,squifflintu,jumptious,0,Squifflintu is not jumptious.,0,0,1
instances,0,"waynivi, tsengwal, kewangyu",1,0,1,0,0,0,kawnvenzekwä,tsengwal,0,Kawnvenzekwä is not a tsengwal.,0,0,1
instances,0,"hìmpxom, ngä', äzantsyìp",1,0,0,1,0,0,jumptious,hikranvi,0,Jumptious is a hikranvi.,0,0,1
instances,0,"eanfwe, maweyawr, pamtsena",1,0,0,1,0,0,paytxe'lan,pasuksìm,0,Paytxe'lan is not a pasuksìm.,0,0,1
synonyms,0,"äzantsyìp, eyktanzaw, zusawke",1,0,0,0,1,0,pasuksìm,äzantsyìp,0,Pasuksìm is not a synonym of a äzantsyìp.,0,0,1
instances,0,"heyreltu, kentsyey, tstxopu",1,0,0,0,1,0,puktsyo,ngä',0,Puktsyo is a ngä'.,0,0,1
instances,0,"jumpamtil, eyavena, hermeyu",1,0,1,0,0,0,kantxansngal,jumpamtil,0,Kantxansngal is not a jumpamtil.,0,0,1
synonyms,0,"tutseotu, pewng, bifflerotty",1,0,0,0,1,0,uniaea,weptse,0,Uniaea is not a synonym of a weptse.,0,0,1
types,0,"pewng, äzantsyìp, apxì",1,0,0,0,1,0,tìzingyu,hikranvi,0,Tìzingyu is a type of a hikranvi.,0,0,1
synonyms,0,"flawkz, hufwep, hì'angrr",1,0,0,1,0,0,numeypeyyu,eyavena,0,Numeypeyyu is not a synonym of an eyavena.,0,0,1
instances,0,"apxì, eyktanzaw, muntxayo",1,0,0,0,1,0,awazaaj,numtsyal,0,Awazaaj is not a numtsyal.,0,0,1
synonyms,0,"kawnetuwondercrunil, ikreng, kllpxang",1,0,0,1,0,0,kllpxir,kawnetuwondercrunil,0,Kllpxir is a synonym of a kawnetuwondercrunil.,0,0,1
instances,0,"kekyu, äzantan, natthasat",1,0,0,0,1,0,tutseotu,kllpxay,0,Tutseotu is a kllpxay.,0,0,1
instances,0,"fkxa, pamtsena, kafiurat",1,0,0,1,0,0,kxeye'ung,kafiurat,0,Kxeye'ung is a kafiurat.,0,0,1
synonyms,0,"eyavena, ngä', tihilat",1,0,0,0,1,0,zusawk,ngä',0,Zusawk is a synonym of a ngä'.,0,0,1
types,0,"fmawe'tu, kllpxay, eltsyon",1,0,0,1,0,0,mispichy,nawmpin,0,Mispichy is not a type of a nawmpin.,0,0,1
synonyms,0,"kxumper, karyun, kalingyu",1,0,0,1,0,0,tsmunongopyu,apxì,0,Tsmunongopyu is a synonym of an apxì.,0,0,1
instances,0,"fnelat, kxeye'ung, tspangep",1,0,0,0,1,0,hìmpxom,kxeye'ung,0,Hìmpxom is a kxeye'ung.,0,0,1
synonyms,0,"lawkx, annevalat , waynivi",1,0,1,0,0,0,fnelat,fnelem,0,Fnelat is not a synonym of a fnelem.,0,0,1
types,0,"zusawke, txinfpìlok, hangkem",1,0,0,1,0,0,tsnguway,hangkem,0,Tsnguway is a type of a hangkem.,0,0,1
types,0,"heyreltu, kllpxang, utumaut",1,0,1,0,0,0,kxekeng,kawnetuwondercrunil,0,Kxekeng is a type of a kawnetuwondercrunil.,0,0,1
types,0,"reympinvul, liswal, kxara",1,0,1,0,0,0,numtsyìp,maweyawr,0,Numtsyìp is a type of a maweyawr.,0,0,1
synonyms,0,"relsiyu, hufwep, kafiurat",1,0,0,0,1,0,hapxayo,kafiurat,0,Hapxayo is a synonym of a kafiurat.,0,0,1
synonyms,0,"tsngap, eltsyon, tsnguway",1,0,0,0,1,0,reympinvul,tihilat,0,Reympinvul is a synonym of a tihilat.,0,0,1
synonyms,0,"tìzingyu, katokx, lawkx",1,0,0,0,1,0,kawnetuwondercrunil,lawkx,0,Kawnetuwondercrunil is a synonym of a lawkx.,0,0,1
synonyms,0,"tutseotu, pewng, bifflerotty",1,0,0,0,1,0,uniaea,tutseotu,0,Uniaea is a synonym of a tutseotu.,0,0,1
synonyms,0,"ontsyey, ikrazef, mucherwì",1,0,0,1,0,0,nawmpin,ngä',0,Nawmpin is a synonym of a ngä'.,0,0,1
synonyms,0,"kekyu, äzantan, natthasat",1,0,0,0,1,0,tutseotu,zusawk,0,Tutseotu is not a synonym of a zusawk.,0,0,1
instances,0,"paytxe'lan, txang, hawnetu",1,0,0,0,1,0,lamourly,pewng,0,Lamourly is a pewng.,0,0,1
instances,0,"hapxay, tsrunionari, weptse",1,0,0,0,1,0,fwetsim,hapxay,0,Fwetsim is not a hapxay.,0,0,1
synonyms,0,"niktsawk, zusawke, kllpxir",1,0,0,0,1,0,annevalat ,hawnetu,0,Annevalat  is a synonym of a hawnetu.,0,0,1
types,0,"hìmpxom, ngä', äzantsyìp",1,0,0,1,0,0,jumptious,oeyktan,0,Jumptious is not a type of an oeyktan.,0,0,1
instances,0,"niktsawk, zusawke, kllpxir",1,0,0,0,1,0,annevalat ,eltsyey,0,Annevalat  is an eltsyey.,0,0,1
types,0,"äzantsyìp, eyktanzaw, zusawke",1,0,0,0,1,0,pasuksìm,äzantsyìp,0,Pasuksìm is not a type of a äzantsyìp.,0,0,1
types,0,"kekyu, äzantan, natthasat",1,0,0,0,1,0,tutseotu,äzantan,0,Tutseotu is not a type of a äzantan.,0,0,1
instances,0,"heyreltu, kentsyey, tstxopu",1,0,0,1,0,0,puktsyo,fmawnol,0,Puktsyo is not a fmawnol.,0,0,1
synonyms,0,"fmawnol, jumpamtil, utumaut",1,0,0,1,0,0,heyreltu,jumpamtil,0,Heyreltu is not a synonym of a jumpamtil.,0,0,1
instances,0,"tsrunionari, hikranvi, mucherwì",1,0,1,0,0,0,oeyktan,flawkz,0,Oeyktan is a flawkz.,0,0,1
instances,0,"wongopyu, kxumper, jumpamtil",1,0,1,0,0,0,pamtsena,nawmpin,0,Pamtsena is not a nawmpin.,0,0,1
types,0,"kekyu, äzantan, natthasat",1,0,1,0,0,0,tutseotu,natthasat,0,Tutseotu is a type of a natthasat.,0,0,1
instances,0,"hapxay, kllpxay, hawnetu",1,0,0,0,1,0,tsngawnol,hapxay,0,Tsngawnol is not a hapxay.,0,0,1
types,0,"pamtil, fmong, txansnay",1,0,0,1,0,0,txawng,pamtil,0,Txawng is not a type of a pamtil.,0,0,1
instances,0,"katokx, quogwin, äzantsyìp",1,0,0,1,0,0,asqoy,äzantsyìp,0,Asqoy is a äzantsyìp.,0,0,1
instances,0,"tskxen, txampam, hermeyu",1,0,1,0,0,0,jumpamtil,txampam,0,Jumpamtil is not a txampam.,0,0,1
instances,0,"kaymauti, yengsyo, hikranvi",1,0,0,0,1,0,ngä',maweyawr,0,Ngä' is a maweyawr.,0,0,1
synonyms,0,"uniaea, hufwep, mekreng",1,0,1,0,0,0,numtsyal,tstalseng,0,Numtsyal is a synonym of a tstalseng.,0,0,1
instances,0,"pamtsena, hapxay, flawkz",1,0,0,0,1,0,tsrunionari,flawkz,0,Tsrunionari is not a flawkz.,0,0,1
instances,0,"tutseotu, pewng, bifflerotty",1,0,0,0,1,0,uniaea,ikrazef,0,Uniaea is an ikrazef.,0,0,1
synonyms,0,"tsnga, yentsyokx, kaymauti",1,0,0,0,1,0,wongopyu,yentsyokx,0,Wongopyu is a synonym of a yentsyokx.,0,0,1
types,0,"kafiurat, txinfpìlok, tsngum",1,0,1,0,0,0,tstxopu,hapxay,0,Tstxopu is a type of a hapxay.,0,0,1
instances,0,"txatxkxe, fmawnol, fwetsim",1,0,0,0,1,0,txansnay,txatxkxe,0,Txansnay is a txatxkxe.,0,0,1
synonyms,0,"hìmpxom, ngä', äzantsyìp",1,0,0,0,1,0,jumptious,yentsyokx,0,Jumptious is a synonym of a yentsyokx.,0,0,1
types,0,"hermeyu, ikreng, maweyawr",1,0,1,0,0,0,kxump,pasuksìm,0,Kxump is not a type of a pasuksìm.,0,0,1
synonyms,0,"äzantsyìp, tsmunongopyu, tstalseng",1,0,0,0,1,0,tutseo,tstalseng,0,Tutseo is a synonym of a tstalseng.,0,0,1
instances,0,"fnelat, kxeye'ung, tspangep",1,0,0,0,1,0,hìmpxom,fnelat,0,Hìmpxom is not a fnelat.,0,0,1
types,0,"muntxayo, jumpamtil, uniaea",1,0,0,1,0,0,katokx,quogwin,0,Katokx is a type of a quogwin.,0,0,1
instances,0,"fmawe'tu, kllpxay, eltsyon",1,0,1,0,0,0,mispichy,fnelem,0,Mispichy is a fnelem.,0,0,1
synonyms,0,"ontsyey, äzantsyìp, tsngap",1,0,0,0,1,0,tsngum,tsngap,0,Tsngum is a synonym of a tsngap.,0,0,1
types,0,"eanfwe, liswal, numeypeyyu",1,0,0,0,1,0,maweyawr,tsngum,0,Maweyawr is a type of a tsngum.,0,0,1
synonyms,0,"tsmunongopyu, tutseotu, awazaaj",1,0,0,0,1,0,flawkz,tutseotu,0,Flawkz is a synonym of a tutseotu.,0,0,1
instances,0,"liswal, txatxkxe, tutseo",1,0,0,0,1,0,niktsawk,liswal,0,Niktsawk is not a liswal.,0,0,1
instances,0,"kxantsang, ewktsya, tsengwal",1,0,0,0,1,0,eampayfya,kxantsang,0,Eampayfya is a kxantsang.,0,0,1
types,0,"kawnvenzekwä, pasuksìm, kxump",1,0,0,1,0,0,tihilat,pamtsena,0,Tihilat is a type of a pamtsena.,0,0,1
types,0,"quogwin, kalingyu, numtsyìp",1,0,1,0,0,0,eyavena,kawnvenzekwä,0,Eyavena is not a type of a kawnvenzekwä.,0,0,1
types,0,"hawtsyosyu, nikranvi, pawkrr",1,0,0,0,1,0,ikreng,hawtsyosyu,0,Ikreng is a type of a hawtsyosyu.,0,0,1
types,0,"hapxay, kllpxay, hawnetu",1,0,0,0,1,0,tsngawnol,kllpxay,0,Tsngawnol is a type of a kllpxay.,0,0,1
synonyms,0,"pamtsena, hapxay, flawkz",1,0,1,0,0,0,tsrunionari,pamtsena,0,Tsrunionari is not a synonym of a pamtsena.,0,0,1
instances,0,"kxumper, fnelat, tsangep",1,0,0,1,0,0,mawnvenu,puktsyo,0,Mawnvenu is not a puktsyo.,0,0,1
instances,0,"txawng, fnelat, tspangep",1,0,0,1,0,0,kllpxay,tspangep,0,Kllpxay is a tspangep.,0,0,1
synonyms,0,"ikreng, kxara, äzantan",1,0,0,0,1,0,hufwep,txeptsena,0,Hufwep is a synonym of a txeptsena.,0,0,1
instances,0,"äzantsyìp, tsmunongopyu, tstalseng",1,0,1,0,0,0,tutseo,ewktsya,0,Tutseo is not a ewktsya.,0,0,1
instances,0,"annevalat , waynivi, kllpxay",1,0,1,0,0,0,txang,kllpxay,0,Txang is a kllpxay.,0,0,1
synonyms,0,"kawnetuwondercrunil, ikreng, kllpxang",1,0,0,1,0,0,kllpxir,ikreng,0,Kllpxir is not a synonym of an ikreng.,0,0,1
instances,0,"tsengwal, nawmpin, tutseotu",1,0,0,1,0,0,kllpxang,tsngum,0,Kllpxang is a tsngum.,0,0,1
types,0,"katokx, quogwin, äzantsyìp",1,0,0,0,1,0,asqoy,mispichy,0,Asqoy is a type of a mispichy.,0,0,1
synonyms,0,"pewng, äzantsyìp, apxì",1,0,0,1,0,0,tìzingyu,oeyktan,0,Tìzingyu is a synonym of an oeyktan.,0,0,1
types,0,"asqoy, hì'angrr, tsrunionari",1,0,0,1,0,0,kalingyu,hì'angrr,0,Kalingyu is a type of a hì'angrr.,0,0,1
synonyms,0,"ewktsya, tìzingyu, heyreltu",1,0,1,0,0,0,mucherwì,awazaaj,0,Mucherwì is a synonym of an awazaaj.,0,0,1
synonyms,0,"kawnetuwondercrunil, ikreng, kllpxang",1,0,0,0,1,0,kllpxir,payo,0,Kllpxir is not a synonym of a payo.,0,0,1
synonyms,0,"waynivi, tsengwal, kewangyu",1,0,0,0,1,0,kawnvenzekwä,tsengwal,0,Kawnvenzekwä is not a synonym of a tsengwal.,0,0,1
synonyms,0,"ionari, tstalseng, tìzingyu",1,0,1,0,0,0,zusawke,ionari,0,Zusawke is a synonym of an ionari.,0,0,1
instances,0,"tsmunongopyu, kxantsang, kllpxang",1,0,0,1,0,0,tsangep,fmawe'tu,0,Tsangep is not a fmawe'tu.,0,0,1
synonyms,0,"tsnguway, hermeyu, ikreng",1,0,0,0,1,0,ontsyey,ikreng,0,Ontsyey is not a synonym of an ikreng.,0,0,1
types,0,"äzantsyìp, eyktanzaw, zusawke",1,0,1,0,0,0,pasuksìm,puktsyo,0,Pasuksìm is not a type of a puktsyo.,0,0,1
synonyms,0,"karyun, kafiurat, tsnguway",1,0,0,1,0,0,hapxay,puktsyo,0,Hapxay is a synonym of a puktsyo.,0,0,1
types,0,"tskxen, txampam, hermeyu",1,0,1,0,0,0,jumpamtil,weptse,0,Jumpamtil is a type of a weptse.,0,0,1
synonyms,0,"hapxay, kllpxang, fmawnol",1,0,0,0,1,0,pamtil,yentsyokx,0,Pamtil is a synonym of a yentsyokx.,0,0,1
instances,0,"ikreng, kxara, äzantan",1,0,0,0,1,0,hufwep,txeptsena,0,Hufwep is a txeptsena.,0,0,1
types,0,"kxumper, tsngum, kllpxay",1,0,0,1,0,0,pewng,kxumper,0,Pewng is not a type of a kxumper.,0,0,1
types,0,"kxumper, karyun, kalingyu",1,0,1,0,0,0,tsmunongopyu,txang,0,Tsmunongopyu is not a type of a txang.,0,0,1
types,0,"kafiurat, txinfpìlok, tsngum",1,0,0,0,1,0,tstxopu,txinfpìlok,0,Tstxopu is not a type of a txinfpìlok.,0,0,1
instances,0,"hìmpxom, ngä', äzantsyìp",1,0,1,0,0,0,jumptious,yentsyokx,0,Jumptious is a yentsyokx.,0,0,1
synonyms,0,"fwetsim, hapxayo, asqoy",1,0,0,0,1,0,hì'angrr,eyktanzaw,0,Hì'angrr is a synonym of an eyktanzaw.,0,0,1
types,0,"kentsyey, eltsyon, mispichy",1,0,0,1,0,0,miktsyo,kxara,0,Miktsyo is not a type of a kxara.,0,0,1
types,0,"fmawe'tu, kllpxay, eltsyon",1,0,0,0,1,0,mispichy,awazaaj,0,Mispichy is not a type of an awazaaj.,0,0,1
instances,0,"tutseo, eltsyey, vawmtu",1,0,1,0,0,0,squifflintu,tutseo,0,Squifflintu is a tutseo.,0,0,1
instances,0,"fnelem, uniaea, aung",1,0,0,1,0,0,dogswo,utumaut,0,Dogswo is not a utumaut.,0,0,1
instances,0,"epxanro'tu, yengsyo, kllpxir",1,0,0,0,1,0,lickswinkle,epxanro'tu,0,Lickswinkle is an epxanro'tu.,0,0,1
types,0,"squifflintu, fnelat, kawnvenzekwä",1,0,0,0,1,0,tstalseng,flawkz,0,Tstalseng is a type of a flawkz.,0,0,1
synonyms,0,"pamtil, fmong, txansnay",1,0,0,1,0,0,txawng,pasuksìm,0,Txawng is not a synonym of a pasuksìm.,0,0,1
instances,0,"ionari, tstalseng, tìzingyu",1,0,0,1,0,0,zusawke,tstalseng,0,Zusawke is not a tstalseng.,0,0,1
instances,0,"äzantan, ikrazef, reympinvul",1,0,0,0,1,0,yeyntu,reympinvul,0,Yeyntu is a reympinvul.,0,0,1
types,0,"niktsawk, zusawke, kllpxir",1,0,0,0,1,0,annevalat ,zusawke,0,Annevalat  is a type of a zusawke.,0,0,1
instances,0,"relsiyu, hufwep, kafiurat",1,0,0,0,1,0,hapxayo,yentsyokx,0,Hapxayo is a yentsyokx.,0,0,1
types,0,"fnelat, kxeye'ung, tspangep",1,0,0,0,1,0,hìmpxom,tspangep,0,Hìmpxom is not a type of a tspangep.,0,0,1
instances,0,"pamtsena, hapxay, flawkz",1,0,1,0,0,0,tsrunionari,awazaaj,0,Tsrunionari is not an awazaaj.,0,0,1
types,0,"heyreltu, pewng, payo",1,0,0,1,0,0,tspangep,heyreltu,0,Tspangep is a type of a heyreltu.,0,0,1
instances,0,"kewangyu, eltsyon, ngä'",1,0,0,0,1,0,bifflerotty,ngä',0,Bifflerotty is a ngä'.,0,0,1
types,0,"squifflintu, fnelat, kawnvenzekwä",1,0,0,1,0,0,tstalseng,maweyawr,0,Tstalseng is a type of a maweyawr.,0,0,1
synonyms,0,"hì'angrr, fnelem, squifflintu",1,0,1,0,0,0,weptse,pamtsena,0,Weptse is a synonym of a pamtsena.,0,0,1
synonyms,0,"txatxkxe, epxanro'tu, ikreng",1,0,0,0,1,0,relsiyu,ngä',0,Relsiyu is not a synonym of a ngä'.,0,0,1
synonyms,0,"hìmpxom, hangkem, fmawnol",1,0,0,0,1,0,gloriump,puktsyo,0,Gloriump is not a synonym of a puktsyo.,0,0,1
instances,0,"kalingyu, karyun, tsngap",1,0,1,0,0,0,meypeyyu,kantxansngal,0,Meypeyyu is a kantxansngal.,0,0,1
types,0,"quogwin, kalingyu, numtsyìp",1,0,1,0,0,0,eyavena,maweyawr,0,Eyavena is a type of a maweyawr.,0,0,1
synonyms,0,"zusawke, kalep, kllpxir",1,0,0,0,1,0,txinfpìlok,kllpxir,0,Txinfpìlok is a synonym of a kllpxir.,0,0,1
instances,0,"fmawnol, jumpamtil, utumaut",1,0,0,0,1,0,heyreltu,utumaut,0,Heyreltu is not a utumaut.,0,0,1
instances,0,"annevalat , waynivi, kllpxay",1,0,0,0,1,0,txang,waynivi,0,Txang is not a waynivi.,0,0,1
instances,0,"tspangep, karyun, kxump",1,0,0,0,1,0,natthasat,karyun,0,Natthasat is not a karyun.,0,0,1
synonyms,0,"heyreltu, pewng, payo",1,0,1,0,0,0,tspangep,heyreltu,0,Tspangep is a synonym of a heyreltu.,0,0,1
types,0,"kafiurat, txinfpìlok, tsngum",1,0,0,0,1,0,tstxopu,tsngum,0,Tstxopu is not a type of a tsngum.,0,0,1
instances,0,"hangkem, jumptious, hìmpxom",1,0,0,1,0,0,nawngtu,hangkem,0,Nawngtu is not a hangkem.,0,0,1
instances,0,"ikrazef, meypeyyu, niktsawk",1,0,0,0,1,0,txampam,puktsyo,0,Txampam is not a puktsyo.,0,0,1
instances,0,"hapxayo, tsangep, korengsyo",1,0,1,0,0,0,ionari,hufwep,0,Ionari is a hufwep.,0,0,1
synonyms,0,"kawnvenzekwä, pasuksìm, kxump",1,0,0,0,1,0,tihilat,mucherwì,0,Tihilat is not a synonym of a mucherwì.,0,0,1
instances,0,"wongopyu, kxumper, jumpamtil",1,0,0,0,1,0,pamtsena,kxumper,0,Pamtsena is a kxumper.,0,0,1
synonyms,0,"tsmunongopyu, kxantsang, kllpxang",1,0,1,0,0,0,tsangep,tsmunongopyu,0,Tsangep is a synonym of a tsmunongopyu.,0,0,1
types,0,"äzantsyìp, tsmunongopyu, txampam",1,0,0,0,1,0,kxantsang,numtsyìp,0,Kxantsang is a type of a numtsyìp.,0,0,1
instances,0,"kxara, lawkx, holpxanro'tu",1,0,0,1,0,0,epxanro'tu,numtsyal,0,Epxanro'tu is not a numtsyal.,0,0,1
instances,0,"äzantsyìp, tsmunongopyu, txampam",1,0,0,0,1,0,kxantsang,niktsawk,0,Kxantsang is not a niktsawk.,0,0,1
instances,0,"ontsyey, tutseotu, lamourly",1,0,0,0,1,0,hawnetu,quogwin,0,Hawnetu is not a quogwin.,0,0,1
instances,0,"eltsyon, tskxen, tìzingyu",1,0,0,0,1,0,karyun,eltsyon,0,Karyun is an eltsyon.,0,0,1
types,0,"ewktsya, tìzingyu, heyreltu",1,0,0,0,1,0,mucherwì,heyreltu,0,Mucherwì is not a type of a heyreltu.,0,0,1
instances,0,"mucherwì, hapxayo, hikranvi",1,0,1,0,0,0,yentsyokx,fmawnol,0,Yentsyokx is a fmawnol.,0,0,1
synonyms,0,"tstxopu, txawng, txinfpìlok",1,0,0,0,1,0,tsengwal,eyktanzaw,0,Tsengwal is not a synonym of an eyktanzaw.,0,0,1
synonyms,0,"annevalat , waynivi, kllpxay",1,0,0,0,1,0,txang,kllpxay,0,Txang is a synonym of a kllpxay.,0,0,1
types,0,"paytxe'lan, txang, hawnetu",1,0,0,0,1,0,lamourly,paytxe'lan,0,Lamourly is not a type of a paytxe'lan.,0,0,1
synonyms,0,"karyun, kafiurat, tsnguway",1,0,1,0,0,0,hapxay,holpxanro'tu,0,Hapxay is not a synonym of a holpxanro'tu.,0,0,1
synonyms,0,"ewktsya, kllpxang, hermeyu",1,0,0,0,1,0,vawmtu,kekyu,0,Vawmtu is a synonym of a kekyu.,0,0,1
types,0,"reympinvul, liswal, kxara",1,0,1,0,0,0,numtsyìp,kllpxir,0,Numtsyìp is not a type of a kllpxir.,0,0,1
types,0,"zusawk, karyun, eltsyey",1,0,0,1,0,0,hawtsyosyu,eltsyey,0,Hawtsyosyu is a type of an eltsyey.,0,0,1
synonyms,0,"asqoy, numeypeyyu, nawngtu",1,0,1,0,0,0,yengsyo,nawngtu,0,Yengsyo is not a synonym of a nawngtu.,0,0,1
synonyms,0,"apxì, eyktanzaw, muntxayo",1,0,0,0,1,0,awazaaj,kxekeng,0,Awazaaj is a synonym of a kxekeng.,0,0,1
synonyms,0,"miktsyo, payo, txawng",1,0,0,0,1,0,kaymauti,txawng,0,Kaymauti is a synonym of a txawng.,0,0,1
instances,0,"waynivi, txeptsena, kllpxir",1,0,0,0,1,0,nikranvi,kllpxir,0,Nikranvi is not a kllpxir.,0,0,1
synonyms,0,"tstxopu, txawng, txinfpìlok",1,0,1,0,0,0,tsengwal,txawng,0,Tsengwal is a synonym of a txawng.,0,0,1
synonyms,0,"tstxopu, txawng, txinfpìlok",1,0,0,1,0,0,tsengwal,miktsyo,0,Tsengwal is not a synonym of a miktsyo.,0,0,1
instances,0,"katokx, quogwin, äzantsyìp",1,0,1,0,0,0,asqoy,mispichy,0,Asqoy is a mispichy.,0,0,1
synonyms,0,"kafiurat, txinfpìlok, tsngum",1,0,1,0,0,0,tstxopu,tsngum,0,Tstxopu is not a synonym of a tsngum.,0,0,1
synonyms,0,"reympinvul, liswal, kxara",1,0,0,1,0,0,numtsyìp,puktsyo,0,Numtsyìp is a synonym of a puktsyo.,0,0,1
types,0,"pamtil, fmong, txansnay",1,0,0,0,1,0,txawng,kxeye'ung,0,Txawng is not a type of a kxeye'ung.,0,0,1
instances,0,"hapxayo, tsangep, korengsyo",1,0,0,1,0,0,ionari,hapxayo,0,Ionari is not a hapxayo.,0,0,1
instances,0,"nawngtu, mucherwì, flawkz",1,0,1,0,0,0,fnelem,kllpxir,0,Fnelem is not a kllpxir.,0,0,1
instances,0,"äzantan, ikrazef, reympinvul",1,0,0,0,1,0,yeyntu,weptse,0,Yeyntu is not a weptse.,0,0,1
instances,0,"ontsyey, tutseotu, lamourly",1,0,0,1,0,0,hawnetu,eanfwe,0,Hawnetu is an eanfwe.,0,0,1
synonyms,0,"liswal, txatxkxe, tutseo",1,0,0,0,1,0,niktsawk,tspangep,0,Niktsawk is a synonym of a tspangep.,0,0,1
types,0,"kawnvenzekwä, pasuksìm, kxump",1,0,1,0,0,0,tihilat,kllpxir,0,Tihilat is a type of a kllpxir.,0,0,1
types,0,"mucherwì, hapxayo, hikranvi",1,0,1,0,0,0,yentsyokx,hapxayo,0,Yentsyokx is a type of a hapxayo.,0,0,1
instances,0,"eanfwe, liswal, numeypeyyu",1,0,0,1,0,0,maweyawr,kafiurat,0,Maweyawr is not a kafiurat.,0,0,1
synonyms,0,"niktsawk, zusawke, kllpxir",1,0,0,1,0,0,annevalat ,kllpxir,0,Annevalat  is not a synonym of a kllpxir.,0,0,1
synonyms,0,"fmong, nikranvi, tsngap",1,0,1,0,0,0,ewktsya,fmong,0,Ewktsya is a synonym of a fmong.,0,0,1
instances,0,"kxantsang, ikreng, hufwep",1,0,0,1,0,0,eltsyon,kxeye'ung,0,Eltsyon is not a kxeye'ung.,0,0,1
types,0,"fkxa, pamtsena, kafiurat",1,0,1,0,0,0,kxeye'ung,ionari,0,Kxeye'ung is not a type of an ionari.,0,0,1
types,0,"kxumper, tsngum, kllpxay",1,0,0,0,1,0,pewng,tihilu,0,Pewng is not a type of a tihilu.,0,0,1
instances,0,"fmawe'tu, tutseo, ewktsya",1,0,1,0,0,0,utumaut,fmawe'tu,0,Utumaut is not a fmawe'tu.,0,0,1
synonyms,0,"pamtil, fmong, txansnay",1,0,0,1,0,0,txawng,txang,0,Txawng is a synonym of a txang.,0,0,1
synonyms,0,"jumpamtil, zusawk, meypeyyu",1,0,1,0,0,0,kalep,jumpamtil,0,Kalep is not a synonym of a jumpamtil.,0,0,1
instances,0,"jumpamtil, eyavena, hermeyu",1,0,0,0,1,0,kantxansngal,eyavena,0,Kantxansngal is an eyavena.,0,0,1
instances,0,"ewktsya, kllpxang, hermeyu",1,0,1,0,0,0,vawmtu,tstalseng,0,Vawmtu is a tstalseng.,0,0,1
types,0,"kawnvenzekwä, pasuksìm, kxump",1,0,0,0,1,0,tihilat,quogwin,0,Tihilat is not a type of a quogwin.,0,0,1
instances,0,"kxantsang, ewktsya, tsengwal",1,0,1,0,0,0,eampayfya,kxekeng,0,Eampayfya is not a kxekeng.,0,0,1
types,0,"tsmunongopyu, tutseotu, awazaaj",1,0,0,1,0,0,flawkz,nawngtu,0,Flawkz is a type of a nawngtu.,0,0,1
instances,0,"tstxopu, txawng, txinfpìlok",1,0,1,0,0,0,tsengwal,tstxopu,0,Tsengwal is a tstxopu.,0,0,1
synonyms,0,"kxumper, kantxansngal, txawng",1,0,0,0,1,0,eyktanzaw,kantxansngal,0,Eyktanzaw is a synonym of a kantxansngal.,0,0,1
types,0,"jumpamtil, eyavena, hermeyu",1,0,0,1,0,0,kantxansngal,pawkrr,0,Kantxansngal is a type of a pawkrr.,0,0,1
types,0,"hapxay, kllpxang, fmawnol",1,0,0,0,1,0,pamtil,hapxay,0,Pamtil is not a type of a hapxay.,0,0,1
synonyms,0,"tsmunongopyu, kxantsang, kllpxang",1,0,1,0,0,0,tsangep,miktsyo,0,Tsangep is not a synonym of a miktsyo.,0,0,1
types,0,"txatxkxe, epxanro'tu, ikreng",1,0,0,0,1,0,relsiyu,epxanro'tu,0,Relsiyu is not a type of an epxanro'tu.,0,0,1
instances,0,"tsngum, kentsyey, kxantsang",1,0,0,0,1,0,fmawnol,kxantsang,0,Fmawnol is not a kxantsang.,0,0,1
instances,0,"kawnvenzekwä, pasuksìm, kxump",1,0,0,0,1,0,tihilat,pasuksìm,0,Tihilat is a pasuksìm.,0,0,1
types,0,"fmong, nikranvi, tsngap",1,0,0,0,1,0,ewktsya,kantxansngal,0,Ewktsya is not a type of a kantxansngal.,0,0,1
instances,0,"fmong, nikranvi, tsngap",1,0,0,1,0,0,ewktsya,tsngap,0,Ewktsya is a tsngap.,0,0,1
types,0,"tsmunongopyu, tutseotu, awazaaj",1,0,0,1,0,0,flawkz,hikranvi,0,Flawkz is not a type of a hikranvi.,0,0,1
instances,0,"hermeyu, ikreng, maweyawr",1,0,1,0,0,0,kxump,hermeyu,0,Kxump is not a hermeyu.,0,0,1
synonyms,0,"tsengwal, nawmpin, tutseotu",1,0,0,0,1,0,kllpxang,tsengwal,0,Kllpxang is a synonym of a tsengwal.,0,0,1
types,0,"nawngtu, mucherwì, flawkz",1,0,0,0,1,0,fnelem,nawngtu,0,Fnelem is not a type of a nawngtu.,0,0,1
instances,0,"heyreltu, numtsyal, squifflintu",1,0,0,0,1,0,payo,nawmpin,0,Payo is not a nawmpin.,0,0,1
synonyms,0,"asqoy, utumaut, ikreng",1,0,0,0,1,0,eanfwe,tsngum,0,Eanfwe is a synonym of a tsngum.,0,0,1
instances,0,"annevalat , waynivi, kllpxay",1,0,0,1,0,0,txang,nawmpin,0,Txang is a nawmpin.,0,0,1
synonyms,0,"tsnguway, fwetsim, nawngtu",1,0,1,0,0,0,oeykekyunay,tsnguway,0,Oeykekyunay is a synonym of a tsnguway.,0,0,1
types,0,"tsmunongopyu, kxantsang, kllpxang",1,0,0,0,1,0,tsangep,eanfwe,0,Tsangep is not a type of an eanfwe.,0,0,1
synonyms,0,"äzantsyìp, hì'angrr, numtsyal",1,0,0,0,1,0,kentsyey,hì'angrr,0,Kentsyey is not a synonym of a hì'angrr.,0,0,1
synonyms,0,"puktsyo, tstalseng, vawmtu",1,0,0,0,1,0,tskxen,vawmtu,0,Tskxen is a synonym of a vawmtu.,0,0,1
synonyms,0,"heyreltu, kllpxang, utumaut",1,0,1,0,0,0,kxekeng,utumaut,0,Kxekeng is not a synonym of a utumaut.,0,0,1
instances,0,"hermeyu, korengsyo, numeypeyyu",1,0,1,0,0,0,waynivi,korengsyo,0,Waynivi is not a korengsyo.,0,0,1
types,0,"hawtsyosyu, nikranvi, pawkrr",1,0,0,1,0,0,ikreng,nikranvi,0,Ikreng is not a type of a nikranvi.,0,0,1
types,0,"tsengwal, nawmpin, tutseotu",1,0,0,0,1,0,kllpxang,tutseotu,0,Kllpxang is not a type of a tutseotu.,0,0,1
types,0,"txatxkxe, fmawnol, fwetsim",1,0,0,1,0,0,txansnay,fnelem,0,Txansnay is not a type of a fnelem.,0,0,1
instances,0,"wongopyu, txinfpìlok, kalingyu",1,0,0,0,1,0,hangkem,wongopyu,0,Hangkem is not a wongopyu.,0,0,1
instances,0,"fmong, tspangep, kllpxang",1,0,1,0,0,0,apxì,tsrunionari,0,Apxì is not a tsrunionari.,0,0,1
instances,0,"tskxen, txampam, hermeyu",1,0,0,1,0,0,jumpamtil,tskxen,0,Jumpamtil is a tskxen.,0,0,1
instances,0,"liswal, txatxkxe, tutseo",1,0,0,0,1,0,niktsawk,tsngum,0,Niktsawk is not a tsngum.,0,0,1
types,0,"kxumper, fnelat, tsangep",1,0,1,0,0,0,mawnvenu,fnelat,0,Mawnvenu is a type of a fnelat.,0,0,1
types,0,"kxara, lawkx, holpxanro'tu",1,0,0,0,1,0,epxanro'tu,numtsyal,0,Epxanro'tu is not a type of a numtsyal.,0,0,1
types,0,"paytxe'lan, mekreng, payo",1,0,0,0,1,0,kxumper,txatxkxe,0,Kxumper is not a type of a txatxkxe.,0,0,1
synonyms,0,"ikrazef, meypeyyu, niktsawk",1,0,0,0,1,0,txampam,meypeyyu,0,Txampam is not a synonym of a meypeyyu.,0,0,1
instances,0,"tsnguway, hermeyu, ikreng",1,0,0,0,1,0,ontsyey,tsnguway,0,Ontsyey is a tsnguway.,0,0,1
synonyms,0,"zusawk, karyun, eltsyey",1,0,0,1,0,0,hawtsyosyu,tspangep,0,Hawtsyosyu is a synonym of a tspangep.,0,0,1
instances,0,"ewktsya, tìzingyu, heyreltu",1,0,0,0,1,0,mucherwì,ewktsya,0,Mucherwì is not a ewktsya.,0,0,1
types,0,"eanfwe, maweyawr, pamtsena",1,0,0,0,1,0,paytxe'lan,maweyawr,0,Paytxe'lan is not a type of a maweyawr.,0,0,1
instances,0,"hangkem, jumptious, hìmpxom",1,0,0,0,1,0,nawngtu,tskxen,0,Nawngtu is not a tskxen.,0,0,1
types,0,"tsmunongopyu, flawkz, kawnetuwondercrunil",1,0,0,0,1,0,äzantsyìp,kawnetuwondercrunil,0,Äzantsyìp is a type of a kawnetuwondercrunil.,0,0,1
synonyms,0,"kxara, lawkx, holpxanro'tu",1,0,0,0,1,0,epxanro'tu,bifflerotty,0,Epxanro'tu is not a synonym of a bifflerotty.,0,0,1
types,0,"fnelat, kxeye'ung, tspangep",1,0,0,1,0,0,hìmpxom,hangkem,0,Hìmpxom is a type of a hangkem.,0,0,1
synonyms,0,"kxumper, kantxansngal, txawng",1,0,0,0,1,0,eyktanzaw,txawng,0,Eyktanzaw is not a synonym of a txawng.,0,0,1
instances,0,"natthasat, wongopyu, fmong",1,0,0,1,0,0,hermeyu,eyktanzaw,0,Hermeyu is an eyktanzaw.,0,0,1
synonyms,0,"fnelem, uniaea, aung",1,0,0,0,1,0,dogswo,utumaut,0,Dogswo is not a synonym of a utumaut.,0,0,1
instances,0,"fmawnol, jumpamtil, utumaut",1,0,0,0,1,0,heyreltu,asqoy,0,Heyreltu is not an asqoy.,0,0,1
types,0,"ionari, tstalseng, tìzingyu",1,0,1,0,0,0,zusawke,ionari,0,Zusawke is a type of an ionari.,0,0,1
instances,0,"asqoy, jumptious, kewangyu",1,0,1,0,0,0,tsngap,jumptious,0,Tsngap is not jumptious.,0,0,1
instances,0,"asqoy, numeypeyyu, nawngtu",1,0,1,0,0,0,yengsyo,asqoy,0,Yengsyo is an asqoy.,0,0,1
types,0,"hermeyu, korengsyo, numeypeyyu",1,0,0,0,1,0,waynivi,tihilu,0,Waynivi is a type of a tihilu.,0,0,1
synonyms,0,"kekyu, äzantan, natthasat",1,0,0,0,1,0,tutseotu,äzantan,0,Tutseotu is a synonym of a äzantan.,0,0,1
synonyms,0,"fmong, nikranvi, tsngap",1,0,0,1,0,0,ewktsya,tsngap,0,Ewktsya is a synonym of a tsngap.,0,0,1
synonyms,0,"tsnguway, hermeyu, ikreng",1,0,0,0,1,0,ontsyey,heyreltu,0,Ontsyey is a synonym of a heyreltu.,0,0,1
types,0,"hapxayo, tsangep, korengsyo",1,0,1,0,0,0,ionari,korengsyo,0,Ionari is a type of a korengsyo.,0,0,1
synonyms,0,"ewktsya, tìzingyu, heyreltu",1,0,0,0,1,0,mucherwì,hapxay,0,Mucherwì is not a synonym of a hapxay.,0,0,1
instances,0,"kaymauti, yengsyo, hikranvi",1,0,0,1,0,0,ngä',kaymauti,0,Ngä' is not a kaymauti.,0,0,1
types,0,"kxara, lawkx, holpxanro'tu",1,0,0,0,1,0,epxanro'tu,holpxanro'tu,0,Epxanro'tu is a type of a holpxanro'tu.,0,0,1
synonyms,0,"jumpamtil, zusawk, meypeyyu",1,0,0,0,1,0,kalep,muntxayo,0,Kalep is a synonym of a muntxayo.,0,0,1
synonyms,0,"ontsyey, tutseotu, lamourly",1,0,0,0,1,0,hawnetu,eanfwe,0,Hawnetu is a synonym of an eanfwe.,0,0,1
types,0,"uniaea, hufwep, mekreng",1,0,0,0,1,0,numtsyal,tstalseng,0,Numtsyal is a type of a tstalseng.,0,0,1
instances,0,"äzantsyìp, hì'angrr, numtsyal",1,0,0,0,1,0,kentsyey,äzantsyìp,0,Kentsyey is not a äzantsyìp.,0,0,1
types,0,"tsmunongopyu, kxantsang, kllpxang",1,0,1,0,0,0,tsangep,tsmunongopyu,0,Tsangep is a type of a tsmunongopyu.,0,0,1
synonyms,0,"fmawe'tu, tutseo, ewktsya",1,0,0,0,1,0,utumaut,tìzingyu,0,Utumaut is not a synonym of a tìzingyu.,0,0,1
synonyms,0,"tsmunongopyu, kxantsang, kllpxang",1,0,1,0,0,0,tsangep,txansnay,0,Tsangep is a synonym of a txansnay.,0,0,1
types,0,"waynivi, txeptsena, kllpxir",1,0,0,1,0,0,nikranvi,kllpxir,0,Nikranvi is a type of a kllpxir.,0,0,1
instances,0,"tsnga, yentsyokx, kaymauti",1,0,0,1,0,0,wongopyu,kaymauti,0,Wongopyu is a kaymauti.,0,0,1
synonyms,0,"hapxay, kllpxang, fmawnol",1,0,0,1,0,0,pamtil,tutseotu,0,Pamtil is not a synonym of a tutseotu.,0,0,1
types,0,"hì'angrr, fnelem, squifflintu",1,0,0,1,0,0,weptse,pamtsena,0,Weptse is a type of a pamtsena.,0,0,1
instances,0,"kewangyu, nikranvi, karyun",1,0,1,0,0,0,pawkrr,karyun,0,Pawkrr is not a karyun.,0,0,1
synonyms,0,"tstxopu, txawng, txinfpìlok",1,0,0,0,1,0,tsengwal,kekyu,0,Tsengwal is a synonym of a kekyu.,0,0,1
synonyms,0,"eltsyon, tskxen, tìzingyu",1,0,1,0,0,0,karyun,annevalat ,0,Karyun is a synonym of an annevalat .,0,0,1
synonyms,0,"tsrunionari, hikranvi, mucherwì",1,0,0,0,1,0,oeyktan,kewangyu,0,Oeyktan is a synonym of a kewangyu.,0,0,1
types,0,"tstxopu, txawng, txinfpìlok",1,0,0,1,0,0,tsengwal,tstxopu,0,Tsengwal is a type of a tstxopu.,0,0,1
types,0,"kawnetuwondercrunil, ikreng, kllpxang",1,0,0,1,0,0,kllpxir,ikreng,0,Kllpxir is a type of an ikreng.,0,0,1
types,0,"pamtil, fmong, txansnay",1,0,0,1,0,0,txawng,txansnay,0,Txawng is a type of a txansnay.,0,0,1
synonyms,0,"fwetsim, hapxayo, asqoy",1,0,1,0,0,0,hì'angrr,hapxayo,0,Hì'angrr is a synonym of a hapxayo.,0,0,1
instances,0,"hapxay, kllpxang, fmawnol",1,0,1,0,0,0,pamtil,hapxay,0,Pamtil is a hapxay.,0,0,1
types,0,"tspangep, karyun, kxump",1,0,0,1,0,0,natthasat,uniaea,0,Natthasat is a type of a uniaea.,0,0,1
types,0,"kxumper, kantxansngal, txawng",1,0,1,0,0,0,eyktanzaw,txawng,0,Eyktanzaw is not a type of a txawng.,0,0,1
synonyms,0,"ikrazef, meypeyyu, niktsawk",1,0,0,0,1,0,txampam,ikrazef,0,Txampam is a synonym of an ikrazef.,0,0,1
instances,0,"äzantan, ikrazef, reympinvul",1,0,0,1,0,0,yeyntu,äzantan,0,Yeyntu is not a äzantan.,0,0,1
instances,0,"puktsyo, tstalseng, vawmtu",1,0,0,0,1,0,tskxen,vawmtu,0,Tskxen is a vawmtu.,0,0,1
synonyms,0,"fmong, nikranvi, tsngap",1,0,0,1,0,0,ewktsya,liswal,0,Ewktsya is a synonym of a liswal.,0,0,1
instances,0,"quogwin, kalingyu, numtsyìp",1,0,0,1,0,0,eyavena,fkxa,0,Eyavena is a fkxa.,0,0,1
instances,0,"relsiyu, hufwep, kafiurat",1,0,0,1,0,0,hapxayo,relsiyu,0,Hapxayo is not a relsiyu.,0,0,1
types,0,"mekreng, oeyktan, hawtsyosyu",1,0,1,0,0,0,hikranvi,zusawke,0,Hikranvi is not a type of a zusawke.,0,0,1
types,0,"heyreltu, kentsyey, tstxopu",1,0,1,0,0,0,puktsyo,tstxopu,0,Puktsyo is a type of a tstxopu.,0,0,1
types,0,"tsrunionari, hikranvi, mucherwì",1,0,0,0,1,0,oeyktan,kewangyu,0,Oeyktan is a type of a kewangyu.,0,0,1
synonyms,0,"bifflerotty, flawkz, jumpamtil",1,0,0,1,0,0,fmong,jumpamtil,0,Fmong is not a synonym of a jumpamtil.,0,0,1
instances,0,"karyun, kafiurat, tsnguway",1,0,1,0,0,0,hapxay,karyun,0,Hapxay is not a karyun.,0,0,1
instances,0,"wongopyu, txinfpìlok, kalingyu",1,0,1,0,0,0,hangkem,natthasat,0,Hangkem is not a natthasat.,0,0,1
instances,0,"uniaea, hufwep, mekreng",1,0,1,0,0,0,numtsyal,kllpxay,0,Numtsyal is a kllpxay.,0,0,1
types,0,"fmong, nikranvi, tsngap",1,0,0,1,0,0,ewktsya,tsngap,0,Ewktsya is a type of a tsngap.,0,0,1
instances,0,"tutseotu, ngä', natthasat",1,0,0,0,1,0,tsnga,natthasat,0,Tsnga is not a natthasat.,0,0,1
instances,0,"kxumper, tsngum, kllpxay",1,0,0,0,1,0,pewng,kllpxay,0,Pewng is not a kllpxay.,0,0,1
types,0,"tstxopu, txawng, txinfpìlok",1,0,0,0,1,0,tsengwal,txinfpìlok,0,Tsengwal is not a type of a txinfpìlok.,0,0,1
types,0,"niktsawk, zusawke, kllpxir",1,0,0,0,1,0,annevalat ,niktsawk,0,Annevalat  is not a type of a niktsawk.,0,0,1
synonyms,0,"fnelat, kxeye'ung, tspangep",1,0,0,1,0,0,hìmpxom,fnelat,0,Hìmpxom is a synonym of a fnelat.,0,0,1
instances,0,"pamtsena, hapxay, flawkz",1,0,1,0,0,0,tsrunionari,lawkx,0,Tsrunionari is a lawkx.,0,0,1
types,0,"miktsyo, payo, txawng",1,0,0,1,0,0,kaymauti,miktsyo,0,Kaymauti is a type of a miktsyo.,0,0,1
synonyms,0,"äzantsyìp, eyktanzaw, zusawke",1,0,0,0,1,0,pasuksìm,numtsyal,0,Pasuksìm is a synonym of a numtsyal.,0,0,1
types,0,"ontsyey, ikrazef, mucherwì",1,0,0,0,1,0,nawmpin,holpxanro'tu,0,Nawmpin is not a type of a holpxanro'tu.,0,0,1
types,0,"tsmunongopyu, flawkz, kawnetuwondercrunil",1,0,0,0,1,0,äzantsyìp,tutseotu,0,Äzantsyìp is not a type of a tutseotu.,0,0,1
types,0,"zusawke, kalep, kllpxir",1,0,1,0,0,0,txinfpìlok,kantxansngal,0,Txinfpìlok is a type of a kantxansngal.,0,0,1
types,0,"kalingyu, karyun, tsngap",1,0,0,1,0,0,meypeyyu,tsngap,0,Meypeyyu is a type of a tsngap.,0,0,1
synonyms,0,"tsnguway, hermeyu, ikreng",1,0,0,0,1,0,ontsyey,ikreng,0,Ontsyey is a synonym of an ikreng.,0,0,1
synonyms,0,"flawkz, hufwep, hì'angrr",1,0,0,0,1,0,numeypeyyu,flawkz,0,Numeypeyyu is not a synonym of a flawkz.,0,0,1
synonyms,0,"fmawe'tu, tutseo, ewktsya",1,0,0,0,1,0,utumaut,ewktsya,0,Utumaut is a synonym of a ewktsya.,0,0,1
synonyms,0,"pamtsena, hapxay, flawkz",1,0,1,0,0,0,tsrunionari,lawkx,0,Tsrunionari is a synonym of a lawkx.,0,0,1
types,0,"waynivi, tsengwal, kewangyu",1,0,1,0,0,0,kawnvenzekwä,waynivi,0,Kawnvenzekwä is a type of a waynivi.,0,0,1
instances,0,"mucherwì, hapxayo, hikranvi",1,0,0,1,0,0,yentsyokx,liswal,0,Yentsyokx is not a liswal.,0,0,1
synonyms,0,"äzantsyìp, eyktanzaw, zusawke",1,0,0,0,1,0,pasuksìm,puktsyo,0,Pasuksìm is not a synonym of a puktsyo.,0,0,1
types,0,"ewktsya, kllpxang, hermeyu",1,0,1,0,0,0,vawmtu,ewktsya,0,Vawmtu is not a type of a ewktsya.,0,0,1
synonyms,0,"asqoy, utumaut, ikreng",1,0,0,1,0,0,eanfwe,ikreng,0,Eanfwe is not a synonym of an ikreng.,0,0,1
types,0,"tstxopu, txawng, txinfpìlok",1,0,0,1,0,0,tsengwal,txawng,0,Tsengwal is not a type of a txawng.,0,0,1
instances,0,"pamtil, fmong, txansnay",1,0,0,1,0,0,txawng,txansnay,0,Txawng is a txansnay.,0,0,1
instances,0,"annevalat , waynivi, kllpxay",1,0,0,0,1,0,txang,hikranvi,0,Txang is a hikranvi.,0,0,1
synonyms,0,"asqoy, jumptious, kewangyu",1,0,0,0,1,0,tsngap,utumaut,0,Tsngap is a synonym of a utumaut.,0,0,1
types,0,"asqoy, utumaut, ikreng",1,0,0,1,0,0,eanfwe,ikreng,0,Eanfwe is not a type of an ikreng.,0,0,1
synonyms,0,"äzantsyìp, tsmunongopyu, txampam",1,0,0,1,0,0,kxantsang,uniaea,0,Kxantsang is a synonym of a uniaea.,0,0,1
synonyms,0,"tsngap, eltsyon, tsnguway",1,0,0,1,0,0,reympinvul,natthasat,0,Reympinvul is a synonym of a natthasat.,0,0,1
instances,0,"tsnguway, hermeyu, ikreng",1,0,1,0,0,0,ontsyey,mucherwì,0,Ontsyey is a mucherwì.,0,0,1
instances,0,"wongopyu, txinfpìlok, kalingyu",1,0,1,0,0,0,hangkem,utumaut,0,Hangkem is not a utumaut.,0,0,1
instances,0,"tsngum, kentsyey, kxantsang",1,0,1,0,0,0,fmawnol,kentsyey,0,Fmawnol is not a kentsyey.,0,0,1
types,0,"asqoy, numeypeyyu, nawngtu",1,0,0,1,0,0,yengsyo,txeptsena,0,Yengsyo is a type of a txeptsena.,0,0,1
types,0,"kaymauti, yengsyo, hikranvi",1,0,0,0,1,0,ngä',yengsyo,0,Ngä' is not a type of a yengsyo.,0,0,1
instances,0,"waynivi, txeptsena, kllpxir",1,0,1,0,0,0,nikranvi,txeptsena,0,Nikranvi is a txeptsena.,0,0,1
synonyms,0,"kxumper, karyun, kalingyu",1,0,0,0,1,0,tsmunongopyu,fwetsim,0,Tsmunongopyu is not a synonym of a fwetsim.,0,0,1
instances,0,"zusawk, hì'angrr, maweyawr",1,0,0,1,0,0,txeptsena,mawnvenu,0,Txeptsena is a mawnvenu.,0,0,1
instances,0,"pamtsena, hapxay, flawkz",1,0,0,1,0,0,tsrunionari,pamtsena,0,Tsrunionari is a pamtsena.,0,0,1
instances,0,"hapxay, kllpxang, fmawnol",1,0,0,1,0,0,pamtil,paytxe'lan,0,Pamtil is a paytxe'lan.,0,0,1
types,0,"jumpamtil, eyavena, hermeyu",1,0,0,0,1,0,kantxansngal,reympinvul,0,Kantxansngal is not a type of a reympinvul.,0,0,1
types,0,"tsngum, kentsyey, kxantsang",1,0,0,0,1,0,fmawnol,kxantsang,0,Fmawnol is not a type of a kxantsang.,0,0,1
types,0,"fkxa, pamtsena, kafiurat",1,0,0,1,0,0,kxeye'ung,kafiurat,0,Kxeye'ung is not a type of a kafiurat.,0,0,1
types,0,"eanfwe, maweyawr, pamtsena",1,0,0,0,1,0,paytxe'lan,flawkz,0,Paytxe'lan is a type of a flawkz.,0,0,1
types,0,"tskxen, txampam, hermeyu",1,0,0,1,0,0,jumpamtil,tskxen,0,Jumpamtil is a type of a tskxen.,0,0,1
types,0,"pamtil, fmong, txansnay",1,0,0,0,1,0,txawng,fmong,0,Txawng is not a type of a fmong.,0,0,1
synonyms,0,"kxumper, karyun, kalingyu",1,0,0,0,1,0,tsmunongopyu,karyun,0,Tsmunongopyu is a synonym of a karyun.,0,0,1
instances,0,"ikrazef, meypeyyu, niktsawk",1,0,1,0,0,0,txampam,meypeyyu,0,Txampam is not a meypeyyu.,0,0,1
types,0,"relsiyu, hufwep, kafiurat",1,0,0,0,1,0,hapxayo,liswal,0,Hapxayo is not a type of a liswal.,0,0,1
synonyms,0,"hìmpxom, ngä', äzantsyìp",1,0,0,1,0,0,jumptious,hikranvi,0,Jumptious is a synonym of a hikranvi.,0,0,1
synonyms,0,"hawtsyosyu, nikranvi, pawkrr",1,0,0,0,1,0,ikreng,nikranvi,0,Ikreng is not a synonym of a nikranvi.,0,0,1
synonyms,0,"natthasat, wongopyu, fmong",1,0,0,1,0,0,hermeyu,natthasat,0,Hermeyu is not a synonym of a natthasat.,0,0,1
synonyms,0,"jumpamtil, eyavena, hermeyu",1,0,0,0,1,0,kantxansngal,aung,0,Kantxansngal is a synonym of an aung.,0,0,1
synonyms,0,"äzantsyìp, tsmunongopyu, txampam",1,0,1,0,0,0,kxantsang,niktsawk,0,Kxantsang is not a synonym of a niktsawk.,0,0,1
instances,0,"squifflintu, fnelat, kawnvenzekwä",1,0,0,0,1,0,tstalseng,bifflerotty,0,Tstalseng is a bifflerotty.,0,0,1
synonyms,0,"zusawk, hì'angrr, maweyawr",1,0,1,0,0,0,txeptsena,kalep,0,Txeptsena is not a synonym of a kalep.,0,0,1
instances,0,"tsengwal, nawmpin, tutseotu",1,0,1,0,0,0,kllpxang,hapxayo,0,Kllpxang is not a hapxayo.,0,0,1
synonyms,0,"asqoy, jumptious, kewangyu",1,0,0,1,0,0,tsngap,asqoy,0,Tsngap is a synonym of an asqoy.,0,0,1
types,0,"äzantsyìp, tsmunongopyu, tstalseng",1,0,1,0,0,0,tutseo,äzantsyìp,0,Tutseo is not a type of a äzantsyìp.,0,0,1
instances,0,"kxumper, fnelat, tsangep",1,0,1,0,0,0,mawnvenu,tìzingyu,0,Mawnvenu is a tìzingyu.,0,0,1
types,0,"fmong, nikranvi, tsngap",1,0,0,0,1,0,ewktsya,liswal,0,Ewktsya is a type of a liswal.,0,0,1
types,0,"fmawnol, hapxayo, tihilu",1,0,0,0,1,0,ikrazef,asqoy,0,Ikrazef is a type of an asqoy.,0,0,1
types,0,"fkxa, pamtsena, kafiurat",1,0,0,0,1,0,kxeye'ung,fkxa,0,Kxeye'ung is not a type of a fkxa.,0,0,1
instances,0,"epxanro'tu, yengsyo, kllpxir",1,0,0,1,0,0,lickswinkle,korengsyo,0,Lickswinkle is not a korengsyo.,0,0,1
instances,0,"paytxe'lan, txang, hawnetu",1,0,1,0,0,0,lamourly,hawnetu,0,Lamourly is not a hawnetu.,0,0,1
types,0,"tutseo, eltsyey, vawmtu",1,0,1,0,0,0,squifflintu,tutseo,0,Squifflintu is a type of a tutseo.,0,0,1
instances,0,"asqoy, jumptious, kewangyu",1,0,0,0,1,0,tsngap,kewangyu,0,Tsngap is a kewangyu.,0,0,1
instances,0,"txatxkxe, epxanro'tu, ikreng",1,0,1,0,0,0,relsiyu,txatxkxe,0,Relsiyu is not a txatxkxe.,0,0,1
types,0,"fmong, tspangep, kllpxang",1,0,0,1,0,0,apxì,numeypeyyu,0,Apxì is a type of a numeypeyyu.,0,0,1
types,0,"kxara, lawkx, holpxanro'tu",1,0,0,1,0,0,epxanro'tu,lawkx,0,Epxanro'tu is not a type of a lawkx.,0,0,1
types,0,"tstxopu, txawng, txinfpìlok",1,0,0,0,1,0,tsengwal,eyktanzaw,0,Tsengwal is not a type of an eyktanzaw.,0,0,1
synonyms,0,"tsengwal, nawmpin, tutseotu",1,0,0,1,0,0,kllpxang,hapxayo,0,Kllpxang is not a synonym of a hapxayo.,0,0,1
instances,0,"mawnvenu, ewktsya, fwetsim",1,0,0,1,0,0,korengsyo,fwetsim,0,Korengsyo is not a fwetsim.,0,0,1
instances,0,"tstxopu, txawng, txinfpìlok",1,0,0,0,1,0,tsengwal,miktsyo,0,Tsengwal is not a miktsyo.,0,0,1
instances,0,"annevalat , waynivi, kllpxay",1,0,0,0,1,0,txang,hì'angrr,0,Txang is not a hì'angrr.,0,0,1
types,0,"mekreng, oeyktan, hawtsyosyu",1,0,1,0,0,0,hikranvi,hawtsyosyu,0,Hikranvi is not a type of a hawtsyosyu.,0,0,1
instances,0,"pewng, äzantsyìp, apxì",1,0,1,0,0,0,tìzingyu,puktsyo,0,Tìzingyu is a puktsyo.,0,0,1
instances,0,"ionari, tihilu, gloriump",1,0,1,0,0,0,kewangyu,tihilu,0,Kewangyu is a tihilu.,0,0,1
synonyms,0,"fmawe'tu, kllpxay, eltsyon",1,0,0,1,0,0,mispichy,kllpxay,0,Mispichy is a synonym of a kllpxay.,0,0,1
types,0,"tutseotu, pewng, bifflerotty",1,0,0,1,0,0,uniaea,tutseo,0,Uniaea is not a type of a tutseo.,0,0,1
instances,0,"txatxkxe, pawkrr, tihilu",1,0,0,0,1,0,quogwin,mucherwì,0,Quogwin is not a mucherwì.,0,0,1
types,0,"quogwin, kalingyu, numtsyìp",1,0,0,0,1,0,eyavena,quogwin,0,Eyavena is not a type of a quogwin.,0,0,1
synonyms,0,"ontsyey, äzantsyìp, tsngap",1,0,1,0,0,0,tsngum,fwetsim,0,Tsngum is a synonym of a fwetsim.,0,0,1
instances,0,"txampam, aung, oeyktan",1,0,0,0,1,0,liswal,fmong,0,Liswal is a fmong.,0,0,1
types,0,"tsnguway, fwetsim, nawngtu",1,0,1,0,0,0,oeykekyunay,kllpxang,0,Oeykekyunay is not a type of a kllpxang.,0,0,1
types,0,"lawkx, annevalat , waynivi",1,0,0,0,1,0,fnelat,numtsyal,0,Fnelat is a type of a numtsyal.,0,0,1
types,0,"zusawk, karyun, eltsyey",1,0,0,0,1,0,hawtsyosyu,tspangep,0,Hawtsyosyu is a type of a tspangep.,0,0,1
types,0,"hapxay, kllpxay, hawnetu",1,0,0,0,1,0,tsngawnol,jumptious,0,Tsngawnol is a type of jumptious.,0,0,1
synonyms,0,"ewktsya, kllpxang, hermeyu",1,0,0,1,0,0,vawmtu,hermeyu,0,Vawmtu is a synonym of a hermeyu.,0,0,1
synonyms,0,"liswal, txatxkxe, tutseo",1,0,1,0,0,0,niktsawk,tsngum,0,Niktsawk is not a synonym of a tsngum.,0,0,1
types,0,"ikrazef, meypeyyu, niktsawk",1,0,0,0,1,0,txampam,meypeyyu,0,Txampam is not a type of a meypeyyu.,0,0,1
types,0,"liswal, txatxkxe, tutseo",1,0,1,0,0,0,niktsawk,tutseo,0,Niktsawk is a type of a tutseo.,0,0,1
synonyms,0,"reympinvul, liswal, kxara",1,0,1,0,0,0,numtsyìp,hufwep,0,Numtsyìp is not a synonym of a hufwep.,0,0,1
types,0,"kafiurat, txinfpìlok, tsngum",1,0,0,1,0,0,tstxopu,kafiurat,0,Tstxopu is not a type of a kafiurat.,0,0,1
synonyms,0,"squifflintu, fnelat, kawnvenzekwä",1,0,0,0,1,0,tstalseng,flawkz,0,Tstalseng is a synonym of a flawkz.,0,0,1
types,0,"kxantsang, ewktsya, tsengwal",1,0,0,1,0,0,eampayfya,kxekeng,0,Eampayfya is not a type of a kxekeng.,0,0,1
instances,0,"mawnvenu, ewktsya, fwetsim",1,0,0,0,1,0,korengsyo,ewktsya,0,Korengsyo is not a ewktsya.,0,0,1
types,0,"paytxe'lan, txang, hawnetu",1,0,1,0,0,0,lamourly,hawnetu,0,Lamourly is a type of a hawnetu.,0,0,1
types,0,"tsrunionari, hikranvi, mucherwì",1,0,0,0,1,0,oeyktan,hikranvi,0,Oeyktan is a type of a hikranvi.,0,0,1
instances,0,"pewng, äzantsyìp, apxì",1,0,0,1,0,0,tìzingyu,apxì,0,Tìzingyu is not an apxì.,0,0,1
types,0,"apxì, eyktanzaw, muntxayo",1,0,0,0,1,0,awazaaj,eyktanzaw,0,Awazaaj is not a type of an eyktanzaw.,0,0,1
synonyms,0,"hermeyu, korengsyo, numeypeyyu",1,0,1,0,0,0,waynivi,numeypeyyu,0,Waynivi is a synonym of a numeypeyyu.,0,0,1
synonyms,0,"zusawk, karyun, eltsyey",1,0,0,0,1,0,hawtsyosyu,niktsawk,0,Hawtsyosyu is not a synonym of a niktsawk.,0,0,1
types,0,"kewangyu, nikranvi, karyun",1,0,0,0,1,0,pawkrr,karyun,0,Pawkrr is not a type of a karyun.,0,0,1
types,0,"fmawe'tu, tutseo, ewktsya",1,0,0,1,0,0,utumaut,tutseo,0,Utumaut is a type of a tutseo.,0,0,1
instances,0,"epxanro'tu, yengsyo, kllpxir",1,0,0,0,1,0,lickswinkle,kllpxir,0,Lickswinkle is a kllpxir.,0,0,1
types,0,"fnelem, uniaea, aung",1,0,0,1,0,0,dogswo,aung,0,Dogswo is a type of an aung.,0,0,1
instances,0,"heyreltu, numtsyal, squifflintu",1,0,0,0,1,0,payo,eltsyey,0,Payo is an eltsyey.,0,0,1
types,0,"fmong, nikranvi, tsngap",1,0,1,0,0,0,ewktsya,tsngap,0,Ewktsya is not a type of a tsngap.,0,0,1
synonyms,0,"tutseotu, ngä', natthasat",1,0,0,0,1,0,tsnga,liswal,0,Tsnga is a synonym of a liswal.,0,0,1
instances,0,"ionari, tstalseng, tìzingyu",1,0,1,0,0,0,zusawke,kxeye'ung,0,Zusawke is not a kxeye'ung.,0,0,1
types,0,"mekreng, mucherwì, lamourly",1,0,1,0,0,0,eltsyey,pamtsena,0,Eltsyey is not a type of a pamtsena.,0,0,1
instances,0,"tìzingyu, katokx, lawkx",1,0,0,0,1,0,kawnetuwondercrunil,niktsawk,0,Kawnetuwondercrunil is a niktsawk.,0,0,1
types,0,"tsngum, kentsyey, kxantsang",1,0,0,0,1,0,fmawnol,kxantsang,0,Fmawnol is a type of a kxantsang.,0,0,1
types,0,"fkxa, pamtsena, kafiurat",1,0,0,0,1,0,kxeye'ung,eanfwe,0,Kxeye'ung is a type of an eanfwe.,0,0,1
instances,0,"fmawe'tu, tutseo, ewktsya",1,0,1,0,0,0,utumaut,kllpxay,0,Utumaut is a kllpxay.,0,0,1
types,0,"kxara, pawkrr, tspangep",1,0,0,0,1,0,fkxa,yentsyokx,0,Fkxa is not a type of a yentsyokx.,0,0,1
synonyms,0,"kewangyu, eltsyon, ngä'",1,0,0,0,1,0,bifflerotty,eltsyon,0,Bifflerotty is not a synonym of an eltsyon.,0,0,1
instances,0,"tstxopu, txawng, txinfpìlok",1,0,0,0,1,0,tsengwal,eyktanzaw,0,Tsengwal is not an eyktanzaw.,0,0,1
synonyms,0,"kxumper, fnelat, tsangep",1,0,1,0,0,0,mawnvenu,fnelat,0,Mawnvenu is a synonym of a fnelat.,0,0,1
types,0,"hì'angrr, fnelem, squifflintu",1,0,1,0,0,0,weptse,squifflintu,0,Weptse is not a type of a squifflintu.,0,0,1
instances,0,"mekreng, oeyktan, hawtsyosyu",1,0,0,0,1,0,hikranvi,hawtsyosyu,0,Hikranvi is a hawtsyosyu.,0,0,1
instances,0,"zusawke, kalep, kllpxir",1,0,0,1,0,0,txinfpìlok,kantxansngal,0,Txinfpìlok is a kantxansngal.,0,0,1
types,0,"ewktsya, kllpxang, hermeyu",1,0,0,0,1,0,vawmtu,tstalseng,0,Vawmtu is a type of a tstalseng.,0,0,1
instances,0,"asqoy, jumptious, kewangyu",1,0,0,1,0,0,tsngap,zusawke,0,Tsngap is not a zusawke.,0,0,1
synonyms,0,"heyreltu, kllpxang, utumaut",1,0,1,0,0,0,kxekeng,kllpxang,0,Kxekeng is not a synonym of a kllpxang.,0,0,1
types,0,"reympinvul, txang, tsnguway",1,0,0,1,0,0,äzantan,hermeyu,0,Äzantan is not a type of a hermeyu.,0,0,1
types,0,"asqoy, numeypeyyu, nawngtu",1,0,1,0,0,0,yengsyo,hermeyu,0,Yengsyo is not a type of a hermeyu.,0,0,1
synonyms,0,"tsmunongopyu, flawkz, kawnetuwondercrunil",1,0,0,0,1,0,äzantsyìp,tsmunongopyu,0,Äzantsyìp is not a synonym of a tsmunongopyu.,0,0,1
instances,0,"reympinvul, txang, tsnguway",1,0,0,0,1,0,äzantan,wongopyu,0,Äzantan is not a wongopyu.,0,0,1
synonyms,0,"ikrazef, meypeyyu, niktsawk",1,0,0,1,0,0,txampam,puktsyo,0,Txampam is not a synonym of a puktsyo.,0,0,1
instances,0,"asqoy, utumaut, ikreng",1,0,0,0,1,0,eanfwe,ikreng,0,Eanfwe is an ikreng.,0,0,1
synonyms,0,"hapxay, kllpxay, hawnetu",1,0,0,0,1,0,tsngawnol,hawnetu,0,Tsngawnol is a synonym of a hawnetu.,0,0,1
types,0,"hermeyu, korengsyo, numeypeyyu",1,0,1,0,0,0,waynivi,hermeyu,0,Waynivi is a type of a hermeyu.,0,0,1
synonyms,0,"kewangyu, eltsyon, ngä'",1,0,1,0,0,0,bifflerotty,ngä',0,Bifflerotty is a synonym of a ngä'.,0,0,1
types,0,"hangkem, jumptious, hìmpxom",1,0,0,1,0,0,nawngtu,kxantsang,0,Nawngtu is not a type of a kxantsang.,0,0,1
types,0,"kalingyu, karyun, tsngap",1,0,0,0,1,0,meypeyyu,karyun,0,Meypeyyu is a type of a karyun.,0,0,1
synonyms,0,"annevalat , waynivi, kllpxay",1,0,1,0,0,0,txang,hì'angrr,0,Txang is not a synonym of a hì'angrr.,0,0,1
instances,0,"zusawk, hì'angrr, maweyawr",1,0,0,0,1,0,txeptsena,gloriump,0,Txeptsena is not a gloriump.,0,0,1
types,0,"äzantsyìp, eyktanzaw, zusawke",1,0,0,0,1,0,pasuksìm,eyktanzaw,0,Pasuksìm is a type of an eyktanzaw.,0,0,1
synonyms,0,"kxara, pawkrr, tspangep",1,0,0,0,1,0,fkxa,hawnetu,0,Fkxa is a synonym of a hawnetu.,0,0,1
instances,0,"ontsyey, tutseotu, lamourly",1,0,0,0,1,0,hawnetu,kllpxay,0,Hawnetu is not a kllpxay.,0,0,1
instances,0,"zusawk, hì'angrr, maweyawr",1,0,0,0,1,0,txeptsena,kalep,0,Txeptsena is not a kalep.,0,0,1
types,0,"mucherwì, hapxayo, hikranvi",1,0,1,0,0,0,yentsyokx,kawnvenzekwä,0,Yentsyokx is not a type of a kawnvenzekwä.,0,0,1
types,0,"muntxayo, jumpamtil, uniaea",1,0,0,0,1,0,katokx,fnelem,0,Katokx is not a type of a fnelem.,0,0,1
instances,0,"apxì, eyktanzaw, muntxayo",1,0,0,1,0,0,awazaaj,apxì,0,Awazaaj is not an apxì.,0,0,1
instances,0,"kxumper, tsngum, kllpxay",1,0,0,0,1,0,pewng,kllpxay,0,Pewng is a kllpxay.,0,0,1
synonyms,0,"ewktsya, kllpxang, hermeyu",1,0,0,1,0,0,vawmtu,ewktsya,0,Vawmtu is a synonym of a ewktsya.,0,0,1
synonyms,0,"asqoy, utumaut, ikreng",1,0,0,1,0,0,eanfwe,ikreng,0,Eanfwe is a synonym of an ikreng.,0,0,1
synonyms,0,"fmawe'tu, kllpxay, eltsyon",1,0,0,0,1,0,mispichy,fnelem,0,Mispichy is a synonym of a fnelem.,0,0,1
types,0,"kxantsang, ikreng, hufwep",1,0,1,0,0,0,eltsyon,kxantsang,0,Eltsyon is not a type of a kxantsang.,0,0,1
instances,0,"txatxkxe, epxanro'tu, ikreng",1,0,1,0,0,0,relsiyu,txatxkxe,0,Relsiyu is a txatxkxe.,0,0,1
synonyms,0,"ontsyey, ikrazef, mucherwì",1,0,0,0,1,0,nawmpin,eltsyon,0,Nawmpin is not a synonym of an eltsyon.,0,0,1
types,0,"tsmunongopyu, kxantsang, kllpxang",1,0,0,0,1,0,tsangep,miktsyo,0,Tsangep is not a type of a miktsyo.,0,0,1
types,0,"uniaea, hufwep, mekreng",1,0,0,0,1,0,numtsyal,uniaea,0,Numtsyal is not a type of a uniaea.,0,0,1
types,0,"heyreltu, kentsyey, tstxopu",1,0,1,0,0,0,puktsyo,ngä',0,Puktsyo is a type of a ngä'.,0,0,1
instances,0,"txatxkxe, epxanro'tu, ikreng",1,0,0,1,0,0,relsiyu,maweyawr,0,Relsiyu is not a maweyawr.,0,0,1
synonyms,0,"tsengwal, nawmpin, tutseotu",1,0,0,0,1,0,kllpxang,tutseotu,0,Kllpxang is not a synonym of a tutseotu.,0,0,1
instances,0,"fnelat, kxeye'ung, tspangep",1,0,1,0,0,0,hìmpxom,hangkem,0,Hìmpxom is a hangkem.,0,0,1
types,0,"ikrazef, meypeyyu, niktsawk",1,0,0,0,1,0,txampam,ikrazef,0,Txampam is a type of an ikrazef.,0,0,1
synonyms,0,"ionari, tihilu, gloriump",1,0,0,0,1,0,kewangyu,ionari,0,Kewangyu is a synonym of an ionari.,0,0,1
types,0,"äzantsyìp, tsmunongopyu, txampam",1,0,1,0,0,0,kxantsang,uniaea,0,Kxantsang is a type of a uniaea.,0,0,1
types,0,"puktsyo, tstalseng, vawmtu",1,0,0,0,1,0,tskxen,puktsyo,0,Tskxen is not a type of a puktsyo.,0,0,1
instances,0,"fmawe'tu, tutseo, ewktsya",1,0,1,0,0,0,utumaut,tutseo,0,Utumaut is not a tutseo.,0,0,1
types,0,"liswal, txatxkxe, tutseo",1,0,0,1,0,0,niktsawk,katokx,0,Niktsawk is a type of a katokx.,0,0,1
instances,0,"kxumper, karyun, kalingyu",1,0,0,0,1,0,tsmunongopyu,tstalseng,0,Tsmunongopyu is not a tstalseng.,0,0,1
instances,0,"kxumper, fnelat, tsangep",1,0,0,1,0,0,mawnvenu,nawngtu,0,Mawnvenu is a nawngtu.,0,0,1
synonyms,0,"kawnetuwondercrunil, ikreng, kllpxang",1,0,0,0,1,0,kllpxir,nawngtu,0,Kllpxir is not a synonym of a nawngtu.,0,0,1
types,0,"heyreltu, numtsyal, squifflintu",1,0,1,0,0,0,payo,eyavena,0,Payo is not a type of an eyavena.,0,0,1
instances,0,"tsrunionari, hikranvi, mucherwì",1,0,0,1,0,0,oeyktan,hikranvi,0,Oeyktan is a hikranvi.,0,0,1
instances,0,"kxumper, tsngum, kllpxay",1,0,0,0,1,0,pewng,tsengwal,0,Pewng is not a tsengwal.,0,0,1
synonyms,0,"kxara, pawkrr, tspangep",1,0,0,1,0,0,fkxa,kllpxir,0,Fkxa is not a synonym of a kllpxir.,0,0,1
types,0,"quogwin, kalingyu, numtsyìp",1,0,0,0,1,0,eyavena,numtsyìp,0,Eyavena is not a type of a numtsyìp.,0,0,1
instances,0,"flawkz, hufwep, hì'angrr",1,0,0,0,1,0,numeypeyyu,ontsyey,0,Numeypeyyu is not an ontsyey.,0,0,1
types,0,"epxanro'tu, yengsyo, kllpxir",1,0,0,1,0,0,lickswinkle,puktsyo,0,Lickswinkle is not a type of a puktsyo.,0,0,1
synonyms,0,"wongopyu, kxumper, jumpamtil",1,0,0,0,1,0,pamtsena,wongopyu,0,Pamtsena is a synonym of a wongopyu.,0,0,1
types,0,"eyktanzaw, äzantsyìp, fmawe'tu",1,0,0,0,1,0,txatxkxe,natthasat,0,Txatxkxe is not a type of a natthasat.,0,0,1
instances,0,"kxumper, tsngum, kllpxay",1,0,0,0,1,0,pewng,kxara,0,Pewng is not a kxara.,0,0,1
types,0,"fnelem, uniaea, aung",1,0,0,0,1,0,dogswo,nawmpin,0,Dogswo is a type of a nawmpin.,0,0,1
synonyms,0,"kxumper, karyun, kalingyu",1,0,0,0,1,0,tsmunongopyu,tstalseng,0,Tsmunongopyu is not a synonym of a tstalseng.,0,0,1
types,0,"wongopyu, txinfpìlok, kalingyu",1,0,0,1,0,0,hangkem,utumaut,0,Hangkem is not a type of a utumaut.,0,0,1
synonyms,0,"fmawnol, jumpamtil, utumaut",1,0,0,0,1,0,heyreltu,utumaut,0,Heyreltu is a synonym of a utumaut.,0,0,1
types,0,"asqoy, numeypeyyu, nawngtu",1,0,0,1,0,0,yengsyo,nawngtu,0,Yengsyo is not a type of a nawngtu.,0,0,1
instances,0,"kawnetuwondercrunil, ikreng, kllpxang",1,0,1,0,0,0,kllpxir,txinfpìlok,0,Kllpxir is a txinfpìlok.,0,0,1
types,0,"ontsyey, äzantsyìp, tsngap",1,0,0,0,1,0,tsngum,tsngap,0,Tsngum is not a type of a tsngap.,0,0,1
synonyms,0,"eyktanzaw, äzantsyìp, fmawe'tu",1,0,0,0,1,0,txatxkxe,kllpxang,0,Txatxkxe is a synonym of a kllpxang.,0,0,1
synonyms,0,"muntxayo, jumpamtil, uniaea",1,0,1,0,0,0,katokx,epxanro'tu,0,Katokx is not a synonym of an epxanro'tu.,0,0,1
synonyms,0,"fmawnol, jumpamtil, utumaut",1,0,0,0,1,0,heyreltu,fmawnol,0,Heyreltu is not a synonym of a fmawnol.,0,0,1
instances,0,"mekreng, mucherwì, lamourly",1,0,1,0,0,0,eltsyey,pamtsena,0,Eltsyey is not a pamtsena.,0,0,1
synonyms,0,"tstxopu, txawng, txinfpìlok",1,0,0,1,0,0,tsengwal,tstxopu,0,Tsengwal is a synonym of a tstxopu.,0,0,1
synonyms,0,"katokx, quogwin, äzantsyìp",1,0,0,0,1,0,asqoy,hikranvi,0,Asqoy is a synonym of a hikranvi.,0,0,1
types,0,"hapxay, kllpxay, hawnetu",1,0,0,0,1,0,tsngawnol,hapxay,0,Tsngawnol is not a type of a hapxay.,0,0,1
synonyms,0,"txatxkxe, fmawnol, fwetsim",1,0,1,0,0,0,txansnay,kaymauti,0,Txansnay is a synonym of a kaymauti.,0,0,1
synonyms,0,"squifflintu, fnelat, kawnvenzekwä",1,0,0,0,1,0,tstalseng,maweyawr,0,Tstalseng is a synonym of a maweyawr.,0,0,1
synonyms,0,"paytxe'lan, txang, hawnetu",1,0,0,1,0,0,lamourly,hawnetu,0,Lamourly is a synonym of a hawnetu.,0,0,1
types,0,"kewangyu, nikranvi, karyun",1,0,0,0,1,0,pawkrr,nikranvi,0,Pawkrr is a type of a nikranvi.,0,0,1
synonyms,0,"mekreng, mucherwì, lamourly",1,0,1,0,0,0,eltsyey,vawmtu,0,Eltsyey is a synonym of a vawmtu.,0,0,1
synonyms,0,"fmawnol, hapxayo, tihilu",1,0,0,0,1,0,ikrazef,fmawnol,0,Ikrazef is a synonym of a fmawnol.,0,0,1
types,0,"tutseo, eltsyey, vawmtu",1,0,0,0,1,0,squifflintu,vawmtu,0,Squifflintu is not a type of a vawmtu.,0,0,1
synonyms,0,"kafiurat, txinfpìlok, tsngum",1,0,0,0,1,0,tstxopu,kafiurat,0,Tstxopu is a synonym of a kafiurat.,0,0,1
synonyms,0,"karyun, kafiurat, tsnguway",1,0,0,1,0,0,hapxay,kafiurat,0,Hapxay is not a synonym of a kafiurat.,0,0,1
instances,0,"hapxay, kllpxay, hawnetu",1,0,0,0,1,0,tsngawnol,kllpxay,0,Tsngawnol is a kllpxay.,0,0,1
types,0,"heyreltu, kllpxang, utumaut",1,0,0,0,1,0,kxekeng,utumaut,0,Kxekeng is not a type of a utumaut.,0,0,1
instances,0,"kxumper, karyun, kalingyu",1,0,0,0,1,0,tsmunongopyu,kxumper,0,Tsmunongopyu is not a kxumper.,0,0,1
instances,0,"kafiurat, txinfpìlok, tsngum",1,0,0,0,1,0,tstxopu,kafiurat,0,Tstxopu is not a kafiurat.,0,0,1
instances,0,"äzantsyìp, eyktanzaw, zusawke",1,0,0,1,0,0,pasuksìm,tsmunongopyu,0,Pasuksìm is a tsmunongopyu.,0,0,1
types,0,"tsnguway, fwetsim, nawngtu",1,0,1,0,0,0,oeykekyunay,nawngtu,0,Oeykekyunay is not a type of a nawngtu.,0,0,1
types,0,"paytxe'lan, mekreng, payo",1,0,0,0,1,0,kxumper,tsnga,0,Kxumper is not a type of a tsnga.,0,0,1
synonyms,0,"mawnvenu, ewktsya, fwetsim",1,0,0,1,0,0,korengsyo,ikreng,0,Korengsyo is not a synonym of an ikreng.,0,0,1
instances,0,"fmawe'tu, kllpxay, eltsyon",1,0,0,0,1,0,mispichy,awazaaj,0,Mispichy is not an awazaaj.,0,0,1
instances,0,"uniaea, muntxayo, kantxansngal",1,0,0,0,1,0,kxara,uniaea,0,Kxara is a uniaea.,0,0,1
types,0,"hawtsyosyu, wongopyu, ikrazef",1,0,0,1,0,0,kafiurat,wongopyu,0,Kafiurat is a type of a wongopyu.,0,0,1
synonyms,0,"yeyntu, utumaut, kalingyu",1,0,0,1,0,0,tihilu,mawnvenu,0,Tihilu is a synonym of a mawnvenu.,0,0,1
types,0,"tutseotu, ngä', natthasat",1,0,0,0,1,0,tsnga,natthasat,0,Tsnga is not a type of a natthasat.,0,0,1
instances,0,"hapxay, kllpxang, fmawnol",1,0,0,0,1,0,pamtil,txansnay,0,Pamtil is a txansnay.,0,0,1
instances,0,"karyun, kafiurat, tsnguway",1,0,1,0,0,0,hapxay,holpxanro'tu,0,Hapxay is not a holpxanro'tu.,0,0,1
types,0,"katokx, quogwin, äzantsyìp",1,0,0,1,0,0,asqoy,hikranvi,0,Asqoy is a type of a hikranvi.,0,0,1
synonyms,0,"ikreng, kxara, äzantan",1,0,0,0,1,0,hufwep,gloriump,0,Hufwep is not a synonym of a gloriump.,0,0,1
synonyms,0,"kxara, pawkrr, tspangep",1,0,0,0,1,0,fkxa,kxara,0,Fkxa is a synonym of a kxara.,0,0,1
instances,0,"kawnvenzekwä, pasuksìm, kxump",1,0,0,1,0,0,tihilat,kllpxir,0,Tihilat is a kllpxir.,0,0,1
synonyms,0,"hermeyu, ikreng, maweyawr",1,0,0,0,1,0,kxump,hermeyu,0,Kxump is not a synonym of a hermeyu.,0,0,1
synonyms,0,"asqoy, numeypeyyu, nawngtu",1,0,0,0,1,0,yengsyo,hermeyu,0,Yengsyo is not a synonym of a hermeyu.,0,0,1
instances,0,"jumpamtil, zusawk, meypeyyu",1,0,0,0,1,0,kalep,muntxayo,0,Kalep is a muntxayo.,0,0,1
synonyms,0,"tsmunongopyu, flawkz, kawnetuwondercrunil",1,0,0,0,1,0,äzantsyìp,numeypeyyu,0,Äzantsyìp is a synonym of a numeypeyyu.,0,0,1
instances,0,"fmong, tspangep, kllpxang",1,0,0,0,1,0,apxì,numeypeyyu,0,Apxì is a numeypeyyu.,0,0,1
synonyms,0,"fkxa, pamtsena, kafiurat",1,0,0,1,0,0,kxeye'ung,fkxa,0,Kxeye'ung is not a synonym of a fkxa.,0,0,1
types,0,"hermeyu, korengsyo, numeypeyyu",1,0,0,0,1,0,waynivi,numeypeyyu,0,Waynivi is not a type of a numeypeyyu.,0,0,1
types,0,"quogwin, kalingyu, numtsyìp",1,0,1,0,0,0,eyavena,yeyntu,0,Eyavena is not a type of a yeyntu.,0,0,1
synonyms,0,"flawkz, hufwep, hì'angrr",1,0,0,0,1,0,numeypeyyu,hì'angrr,0,Numeypeyyu is not a synonym of a hì'angrr.,0,0,1
types,0,"heyreltu, numtsyal, squifflintu",1,0,0,0,1,0,payo,numtsyal,0,Payo is a type of a numtsyal.,0,0,1
instances,0,"eyktanzaw, äzantsyìp, fmawe'tu",1,0,1,0,0,0,txatxkxe,fmawe'tu,0,Txatxkxe is not a fmawe'tu.,0,0,1
types,0,"txatxkxe, epxanro'tu, ikreng",1,0,0,0,1,0,relsiyu,kxantsang,0,Relsiyu is a type of a kxantsang.,0,0,1
instances,0,"kalingyu, karyun, tsngap",1,0,0,0,1,0,meypeyyu,kalingyu,0,Meypeyyu is not a kalingyu.,0,0,1
synonyms,0,"uniaea, hufwep, mekreng",1,0,0,0,1,0,numtsyal,mekreng,0,Numtsyal is not a synonym of a mekreng.,0,0,1
synonyms,0,"relsiyu, hufwep, kafiurat",1,0,0,0,1,0,hapxayo,liswal,0,Hapxayo is not a synonym of a liswal.,0,0,1
synonyms,0,"kxara, pawkrr, tspangep",1,0,0,0,1,0,fkxa,numtsyìp,0,Fkxa is a synonym of a numtsyìp.,0,0,1
instances,0,"asqoy, utumaut, ikreng",1,0,0,0,1,0,eanfwe,tsngum,0,Eanfwe is a tsngum.,0,0,1
instances,0,"annevalat , waynivi, kllpxay",1,0,1,0,0,0,txang,annevalat ,0,Txang is an annevalat .,0,0,1
instances,0,"kafiurat, txinfpìlok, tsngum",1,0,0,0,1,0,tstxopu,tsngum,0,Tstxopu is not a tsngum.,0,0,1
instances,0,"kewangyu, eltsyon, ngä'",1,0,0,0,1,0,bifflerotty,maweyawr,0,Bifflerotty is a maweyawr.,0,0,1
instances,0,"kxantsang, ikreng, hufwep",1,0,0,1,0,0,eltsyon,vawmtu,0,Eltsyon is not a vawmtu.,0,0,1
instances,0,"squifflintu, fnelat, kawnvenzekwä",1,0,0,0,1,0,tstalseng,flawkz,0,Tstalseng is a flawkz.,0,0,1
instances,0,"fkxa, pamtsena, kafiurat",1,0,1,0,0,0,kxeye'ung,kafiurat,0,Kxeye'ung is not a kafiurat.,0,0,1
synonyms,0,"niktsawk, zusawke, kllpxir",1,0,0,0,1,0,annevalat ,niktsawk,0,Annevalat  is not a synonym of a niktsawk.,0,0,1
instances,0,"mekreng, oeyktan, hawtsyosyu",1,0,0,0,1,0,hikranvi,ikrazef,0,Hikranvi is an ikrazef.,0,0,1
types,0,"äzantsyìp, tsmunongopyu, txampam",1,0,0,0,1,0,kxantsang,tsmunongopyu,0,Kxantsang is a type of a tsmunongopyu.,0,0,1
synonyms,0,"hapxay, tsrunionari, weptse",1,0,0,0,1,0,fwetsim,hapxay,0,Fwetsim is not a synonym of a hapxay.,0,0,1
synonyms,0,"kxumper, karyun, kalingyu",1,0,0,1,0,0,tsmunongopyu,karyun,0,Tsmunongopyu is not a synonym of a karyun.,0,0,1
types,0,"jumpamtil, eyavena, hermeyu",1,0,1,0,0,0,kantxansngal,hermeyu,0,Kantxansngal is not a type of a hermeyu.,0,0,1
types,0,"ontsyey, ikrazef, mucherwì",1,0,0,0,1,0,nawmpin,ngä',0,Nawmpin is a type of a ngä'.,0,0,1
synonyms,0,"zusawk, karyun, eltsyey",1,0,1,0,0,0,hawtsyosyu,zusawk,0,Hawtsyosyu is not a synonym of a zusawk.,0,0,1
types,0,"tsnguway, fwetsim, nawngtu",1,0,1,0,0,0,oeykekyunay,fwetsim,0,Oeykekyunay is a type of a fwetsim.,0,0,1
types,0,"txatxkxe, fmawnol, fwetsim",1,0,0,1,0,0,txansnay,txatxkxe,0,Txansnay is a type of a txatxkxe.,0,0,1
synonyms,0,"eyavena, ngä', tihilat",1,0,0,0,1,0,zusawk,kllpxir,0,Zusawk is not a synonym of a kllpxir.,0,0,1
synonyms,0,"hìmpxom, hangkem, fmawnol",1,0,0,0,1,0,gloriump,hangkem,0,Gloriump is not a synonym of a hangkem.,0,0,1
synonyms,0,"hì'angrr, fnelem, squifflintu",1,0,1,0,0,0,weptse,hì'angrr,0,Weptse is not a synonym of a hì'angrr.,0,0,1
instances,0,"fmawe'tu, tutseo, ewktsya",1,0,0,0,1,0,utumaut,tutseo,0,Utumaut is a tutseo.,0,0,1
synonyms,0,"tìzingyu, katokx, lawkx",1,0,0,0,1,0,kawnetuwondercrunil,tìzingyu,0,Kawnetuwondercrunil is a synonym of a tìzingyu.,0,0,1
types,0,"txatxkxe, pawkrr, tihilu",1,0,0,1,0,0,quogwin,tihilu,0,Quogwin is not a type of a tihilu.,0,0,1
synonyms,0,"äzantsyìp, tsmunongopyu, tstalseng",1,0,0,1,0,0,tutseo,ewktsya,0,Tutseo is not a synonym of a ewktsya.,0,0,1
instances,0,"tsngum, kentsyey, kxantsang",1,0,0,0,1,0,fmawnol,tsrunionari,0,Fmawnol is not a tsrunionari.,0,0,1
instances,0,"kxumper, karyun, kalingyu",1,0,1,0,0,0,tsmunongopyu,apxì,0,Tsmunongopyu is an apxì.,0,0,1
instances,0,"kekyu, äzantan, natthasat",1,0,0,1,0,0,tutseotu,kekyu,0,Tutseotu is a kekyu.,0,0,1
synonyms,0,"ontsyey, äzantsyìp, tsngap",1,0,1,0,0,0,tsngum,uniaea,0,Tsngum is not a synonym of a uniaea.,0,0,1
instances,0,"hìmpxom, hangkem, fmawnol",1,0,0,0,1,0,gloriump,fmawnol,0,Gloriump is a fmawnol.,0,0,1
types,0,"fmawe'tu, tutseo, ewktsya",1,0,1,0,0,0,utumaut,ewktsya,0,Utumaut is not a type of a ewktsya.,0,0,1
types,0,"tsnga, yentsyokx, kaymauti",1,0,0,0,1,0,wongopyu,mekreng,0,Wongopyu is not a type of a mekreng.,0,0,1
synonyms,0,"kaymauti, yengsyo, hikranvi",1,0,1,0,0,0,ngä',maweyawr,0,Ngä' is a synonym of a maweyawr.,0,0,1
types,0,"ewktsya, tìzingyu, heyreltu",1,0,1,0,0,0,mucherwì,heyreltu,0,Mucherwì is a type of a heyreltu.,0,0,1
synonyms,0,"hapxay, kllpxang, fmawnol",1,0,1,0,0,0,pamtil,kllpxang,0,Pamtil is not a synonym of a kllpxang.,0,0,1
types,0,"tsmunongopyu, flawkz, kawnetuwondercrunil",1,0,0,1,0,0,äzantsyìp,numeypeyyu,0,Äzantsyìp is a type of a numeypeyyu.,0,0,1
types,0,"heyreltu, kllpxang, utumaut",1,0,0,1,0,0,kxekeng,kllpxang,0,Kxekeng is a type of a kllpxang.,0,0,1
instances,0,"ionari, tihilu, gloriump",1,0,0,0,1,0,kewangyu,nikranvi,0,Kewangyu is not a nikranvi.,0,0,1
instances,0,"muntxayo, jumpamtil, uniaea",1,0,0,0,1,0,katokx,fnelem,0,Katokx is not a fnelem.,0,0,1
synonyms,0,"tskxen, txampam, hermeyu",1,0,0,0,1,0,jumpamtil,txampam,0,Jumpamtil is not a synonym of a txampam.,0,0,1
synonyms,0,"ontsyey, ikrazef, mucherwì",1,0,1,0,0,0,nawmpin,mucherwì,0,Nawmpin is not a synonym of a mucherwì.,0,0,1
synonyms,0,"ionari, tihilu, gloriump",1,0,0,0,1,0,kewangyu,pawkrr,0,Kewangyu is a synonym of a pawkrr.,0,0,1
synonyms,0,"miktsyo, payo, txawng",1,0,0,0,1,0,kaymauti,payo,0,Kaymauti is not a synonym of a payo.,0,0,1
types,0,"miktsyo, payo, txawng",1,0,0,0,1,0,kaymauti,payo,0,Kaymauti is not a type of a payo.,0,0,1
synonyms,0,"waynivi, tsengwal, kewangyu",1,0,1,0,0,0,kawnvenzekwä,tsengwal,0,Kawnvenzekwä is a synonym of a tsengwal.,0,0,1
synonyms,0,"jumpamtil, zusawk, meypeyyu",1,0,1,0,0,0,kalep,zusawk,0,Kalep is not a synonym of a zusawk.,0,0,1
synonyms,0,"pamtil, fmong, txansnay",1,0,0,1,0,0,txawng,txansnay,0,Txawng is not a synonym of a txansnay.,0,0,1
instances,0,"tsengwal, nawmpin, tutseotu",1,0,0,0,1,0,kllpxang,tsengwal,0,Kllpxang is a tsengwal.,0,0,1
instances,0,"zusawk, karyun, eltsyey",1,0,1,0,0,0,hawtsyosyu,zusawk,0,Hawtsyosyu is not a zusawk.,0,0,1
types,0,"hapxay, tsrunionari, weptse",1,0,1,0,0,0,fwetsim,hapxay,0,Fwetsim is not a type of a hapxay.,0,0,1
types,0,"hapxayo, tsangep, korengsyo",1,0,0,0,1,0,ionari,hapxayo,0,Ionari is not a type of a hapxayo.,0,0,1
synonyms,0,"tsnga, yentsyokx, kaymauti",1,0,0,0,1,0,wongopyu,yentsyokx,0,Wongopyu is not a synonym of a yentsyokx.,0,0,1
synonyms,0,"ontsyey, tutseotu, lamourly",1,0,0,0,1,0,hawnetu,lamourly,0,Hawnetu is not a synonym of a lamourly.,0,0,1
instances,0,"asqoy, utumaut, ikreng",1,0,1,0,0,0,eanfwe,ikreng,0,Eanfwe is not an ikreng.,0,0,1
synonyms,0,"tsengwal, nawmpin, tutseotu",1,0,0,0,1,0,kllpxang,tutseotu,0,Kllpxang is a synonym of a tutseotu.,0,0,1
types,0,"jumpamtil, zusawk, meypeyyu",1,0,0,0,1,0,kalep,muntxayo,0,Kalep is a type of a muntxayo.,0,0,1
synonyms,0,"tskxen, txampam, hermeyu",1,0,0,0,1,0,jumpamtil,txampam,0,Jumpamtil is a synonym of a txampam.,0,0,1
synonyms,0,"pamtil, fmong, txansnay",1,0,0,1,0,0,txawng,kxeye'ung,0,Txawng is not a synonym of a kxeye'ung.,0,0,1
synonyms,0,"fkxa, pamtsena, kafiurat",1,0,0,0,1,0,kxeye'ung,eanfwe,0,Kxeye'ung is a synonym of an eanfwe.,0,0,1
types,0,"waynivi, txeptsena, kllpxir",1,0,0,1,0,0,nikranvi,kllpxir,0,Nikranvi is not a type of a kllpxir.,0,0,1
instances,0,"äzantsyìp, hì'angrr, numtsyal",1,0,0,0,1,0,kentsyey,tsmunongopyu,0,Kentsyey is a tsmunongopyu.,0,0,1
instances,0,"asqoy, hì'angrr, tsrunionari",1,0,0,0,1,0,kalingyu,hì'angrr,0,Kalingyu is a hì'angrr.,0,0,1
synonyms,0,"niktsawk, zusawke, kllpxir",1,0,1,0,0,0,annevalat ,eltsyey,0,Annevalat  is a synonym of an eltsyey.,0,0,1
types,0,"tutseotu, ngä', natthasat",1,0,0,1,0,0,tsnga,utumaut,0,Tsnga is a type of a utumaut.,0,0,1
synonyms,0,"puktsyo, tstalseng, vawmtu",1,0,0,1,0,0,tskxen,puktsyo,0,Tskxen is not a synonym of a puktsyo.,0,0,1
types,0,"tsengwal, nawmpin, tutseotu",1,0,0,0,1,0,kllpxang,tutseotu,0,Kllpxang is a type of a tutseotu.,0,0,1
instances,0,"kentsyey, eltsyon, mispichy",1,0,0,1,0,0,miktsyo,kentsyey,0,Miktsyo is a kentsyey.,0,0,1
instances,0,"eyktanzaw, äzantsyìp, fmawe'tu",1,0,1,0,0,0,txatxkxe,natthasat,0,Txatxkxe is not a natthasat.,0,0,1
instances,0,"hapxay, kllpxang, fmawnol",1,0,0,1,0,0,pamtil,yentsyokx,0,Pamtil is a yentsyokx.,0,0,1
synonyms,0,"liswal, txatxkxe, tutseo",1,0,0,0,1,0,niktsawk,txatxkxe,0,Niktsawk is not a synonym of a txatxkxe.,0,0,1
synonyms,0,"zusawke, txinfpìlok, hangkem",1,0,0,0,1,0,tsnguway,apxì,0,Tsnguway is a synonym of an apxì.,0,0,1
synonyms,0,"kewangyu, eltsyon, ngä'",1,0,0,0,1,0,bifflerotty,maweyawr,0,Bifflerotty is a synonym of a maweyawr.,0,0,1
types,0,"hermeyu, korengsyo, numeypeyyu",1,0,1,0,0,0,waynivi,aung,0,Waynivi is not a type of an aung.,0,0,1
synonyms,0,"quogwin, kalingyu, numtsyìp",1,0,1,0,0,0,eyavena,yeyntu,0,Eyavena is not a synonym of a yeyntu.,0,0,1
synonyms,0,"ikrazef, meypeyyu, niktsawk",1,0,1,0,0,0,txampam,niktsawk,0,Txampam is a synonym of a niktsawk.,0,0,1
types,0,"txatxkxe, pawkrr, tihilu",1,0,0,1,0,0,quogwin,pawkrr,0,Quogwin is a type of a pawkrr.,0,0,1
instances,0,"ionari, tihilu, gloriump",1,0,0,1,0,0,kewangyu,ewktsya,0,Kewangyu is not a ewktsya.,0,0,1
instances,0,"asqoy, utumaut, ikreng",1,0,0,0,1,0,eanfwe,utumaut,0,Eanfwe is a utumaut.,0,0,1
types,0,"hermeyu, ikreng, maweyawr",1,0,0,0,1,0,kxump,maweyawr,0,Kxump is a type of a maweyawr.,0,0,1
synonyms,0,"tutseo, eltsyey, vawmtu",1,0,1,0,0,0,squifflintu,tutseo,0,Squifflintu is a synonym of a tutseo.,0,0,1
types,0,"kekyu, äzantan, natthasat",1,0,0,0,1,0,tutseotu,kekyu,0,Tutseotu is a type of a kekyu.,0,0,1
types,0,"eltsyon, tskxen, tìzingyu",1,0,0,0,1,0,karyun,muntxayo,0,Karyun is a type of a muntxayo.,0,0,1
types,0,"ewktsya, kllpxang, hermeyu",1,0,0,0,1,0,vawmtu,kekyu,0,Vawmtu is a type of a kekyu.,0,0,1
instances,0,"hawtsyosyu, nikranvi, pawkrr",1,0,1,0,0,0,ikreng,hawtsyosyu,0,Ikreng is a hawtsyosyu.,0,0,1
synonyms,0,"asqoy, jumptious, kewangyu",1,0,0,0,1,0,tsngap,jumptious,0,Tsngap is not a synonym of jumptious.,0,0,1
instances,0,"äzantan, ikrazef, reympinvul",1,0,0,0,1,0,yeyntu,numeypeyyu,0,Yeyntu is not a numeypeyyu.,0,0,1
instances,0,"hìmpxom, ngä', äzantsyìp",1,0,1,0,0,0,jumptious,ikreng,0,Jumptious is not an ikreng.,0,0,1
synonyms,0,"epxanro'tu, yengsyo, kllpxir",1,0,1,0,0,0,lickswinkle,kafiurat,0,Lickswinkle is a synonym of a kafiurat.,0,0,1
types,0,"txatxkxe, fmawnol, fwetsim",1,0,0,0,1,0,txansnay,kaymauti,0,Txansnay is a type of a kaymauti.,0,0,1
synonyms,0,"kalingyu, karyun, tsngap",1,0,0,0,1,0,meypeyyu,kalingyu,0,Meypeyyu is not a synonym of a kalingyu.,0,0,1
types,0,"tskxen, txampam, hermeyu",1,0,0,0,1,0,jumpamtil,txampam,0,Jumpamtil is not a type of a txampam.,0,0,1
synonyms,0,"tsngum, kentsyey, kxantsang",1,0,0,0,1,0,fmawnol,kentsyey,0,Fmawnol is not a synonym of a kentsyey.,0,0,1
types,0,"äzantsyìp, eyktanzaw, zusawke",1,0,0,1,0,0,pasuksìm,numtsyal,0,Pasuksìm is a type of a numtsyal.,0,0,1
instances,0,"uniaea, muntxayo, kantxansngal",1,0,1,0,0,0,kxara,kantxansngal,0,Kxara is not a kantxansngal.,0,0,1
instances,0,"fwetsim, hapxayo, asqoy",1,0,0,1,0,0,hì'angrr,hapxayo,0,Hì'angrr is a hapxayo.,0,0,1
instances,0,"epxanro'tu, yengsyo, kllpxir",1,0,0,0,1,0,lickswinkle,hangkem,0,Lickswinkle is a hangkem.,0,0,1
types,0,"kekyu, äzantan, natthasat",1,0,0,0,1,0,tutseotu,äzantan,0,Tutseotu is a type of a äzantan.,0,0,1
instances,0,"ikreng, kxara, äzantan",1,0,0,1,0,0,hufwep,gloriump,0,Hufwep is not a gloriump.,0,0,1
types,0,"txawng, fnelat, tspangep",1,0,0,0,1,0,kllpxay,jumptious,0,Kllpxay is not a type of jumptious.,0,0,1
types,0,"kxumper, tsngum, kllpxay",1,0,0,0,1,0,pewng,kllpxay,0,Pewng is not a type of a kllpxay.,0,0,1
types,0,"asqoy, jumptious, kewangyu",1,0,0,0,1,0,tsngap,asqoy,0,Tsngap is a type of an asqoy.,0,0,1
synonyms,0,"fkxa, pamtsena, kafiurat",1,0,0,1,0,0,kxeye'ung,kafiurat,0,Kxeye'ung is a synonym of a kafiurat.,0,0,1
synonyms,0,"mawnvenu, ewktsya, fwetsim",1,0,0,0,1,0,korengsyo,ewktsya,0,Korengsyo is not a synonym of a ewktsya.,0,0,1
synonyms,0,"kxumper, fnelat, tsangep",1,0,0,0,1,0,mawnvenu,tsangep,0,Mawnvenu is a synonym of a tsangep.,0,0,1
types,0,"tìzingyu, katokx, lawkx",1,0,0,0,1,0,kawnetuwondercrunil,tìzingyu,0,Kawnetuwondercrunil is a type of a tìzingyu.,0,0,1
synonyms,0,"eanfwe, liswal, numeypeyyu",1,0,0,0,1,0,maweyawr,tsngum,0,Maweyawr is a synonym of a tsngum.,0,0,1
instances,0,"kxumper, kantxansngal, txawng",1,0,0,0,1,0,eyktanzaw,txawng,0,Eyktanzaw is not a txawng.,0,0,1
types,0,"fmong, tspangep, kllpxang",1,0,0,0,1,0,apxì,tskxen,0,Apxì is a type of a tskxen.,0,0,1
instances,0,"tsmunongopyu, kxantsang, kllpxang",1,0,0,0,1,0,tsangep,tsmunongopyu,0,Tsangep is a tsmunongopyu.,0,0,1
types,0,"txawng, fnelat, tspangep",1,0,1,0,0,0,kllpxay,tspangep,0,Kllpxay is a type of a tspangep.,0,0,1
instances,0,"tsnguway, hermeyu, ikreng",1,0,0,1,0,0,ontsyey,kllpxir,0,Ontsyey is not a kllpxir.,0,0,1
synonyms,0,"zusawk, karyun, eltsyey",1,0,0,0,1,0,hawtsyosyu,quogwin,0,Hawtsyosyu is not a synonym of a quogwin.,0,0,1
types,0,"wongopyu, kxumper, jumpamtil",1,0,1,0,0,0,pamtsena,kxumper,0,Pamtsena is not a type of a kxumper.,0,0,1
synonyms,0,"tutseotu, ngä', natthasat",1,0,1,0,0,0,tsnga,aung,0,Tsnga is a synonym of an aung.,0,0,1
types,0,"natthasat, wongopyu, fmong",1,0,1,0,0,0,hermeyu,fmong,0,Hermeyu is not a type of a fmong.,0,0,1
synonyms,0,"tsmunongopyu, flawkz, kawnetuwondercrunil",1,0,1,0,0,0,äzantsyìp,kawnetuwondercrunil,0,Äzantsyìp is a synonym of a kawnetuwondercrunil.,0,0,1
synonyms,0,"jumpamtil, eyavena, hermeyu",1,0,1,0,0,0,kantxansngal,eyavena,0,Kantxansngal is a synonym of an eyavena.,0,0,1
synonyms,0,"liswal, txatxkxe, tutseo",1,0,0,1,0,0,niktsawk,tutseo,0,Niktsawk is a synonym of a tutseo.,0,0,1
types,0,"bifflerotty, flawkz, jumpamtil",1,0,0,1,0,0,fmong,ewktsya,0,Fmong is a type of a ewktsya.,0,0,1
instances,0,"asqoy, jumptious, kewangyu",1,0,0,0,1,0,tsngap,utumaut,0,Tsngap is a utumaut.,0,0,1
synonyms,0,"jumpamtil, eyavena, hermeyu",1,0,1,0,0,0,kantxansngal,hermeyu,0,Kantxansngal is a synonym of a hermeyu.,0,0,1
types,0,"eanfwe, maweyawr, pamtsena",1,0,1,0,0,0,paytxe'lan,äzantan,0,Paytxe'lan is a type of a äzantan.,0,0,1
types,0,"kxantsang, ewktsya, tsengwal",1,0,0,0,1,0,eampayfya,kxantsang,0,Eampayfya is a type of a kxantsang.,0,0,1
instances,0,"bifflerotty, flawkz, jumpamtil",1,0,0,0,1,0,fmong,hapxayo,0,Fmong is a hapxayo.,0,0,1
instances,0,"heyreltu, pewng, payo",1,0,0,0,1,0,tspangep,heyreltu,0,Tspangep is not a heyreltu.,0,0,1
types,0,"fnelat, kxeye'ung, tspangep",1,0,0,1,0,0,hìmpxom,kxeye'ung,0,Hìmpxom is a type of a kxeye'ung.,0,0,1
instances,0,"tsmunongopyu, kxantsang, kllpxang",1,0,0,1,0,0,tsangep,miktsyo,0,Tsangep is not a miktsyo.,0,0,1
types,0,"ontsyey, äzantsyìp, tsngap",1,0,0,0,1,0,tsngum,uniaea,0,Tsngum is not a type of a uniaea.,0,0,1
types,0,"hapxayo, tsangep, korengsyo",1,0,1,0,0,0,ionari,korengsyo,0,Ionari is not a type of a korengsyo.,0,0,1
instances,0,"jumpamtil, zusawk, meypeyyu",1,0,0,0,1,0,kalep,txansnay,0,Kalep is not a txansnay.,0,0,1
types,0,"reympinvul, txang, tsnguway",1,0,1,0,0,0,äzantan,tsnguway,0,Äzantan is not a type of a tsnguway.,0,0,1
instances,0,"zusawke, kalep, kllpxir",1,0,0,1,0,0,txinfpìlok,kewangyu,0,Txinfpìlok is not a kewangyu.,0,0,1
types,0,"zusawk, karyun, eltsyey",1,0,0,1,0,0,hawtsyosyu,karyun,0,Hawtsyosyu is not a type of a karyun.,0,0,1
types,0,"ontsyey, äzantsyìp, tsngap",1,0,1,0,0,0,tsngum,tsngap,0,Tsngum is a type of a tsngap.,0,0,1
types,0,"kewangyu, eltsyon, ngä'",1,0,0,1,0,0,bifflerotty,ngä',0,Bifflerotty is a type of a ngä'.,0,0,1
instances,0,"zusawke, txinfpìlok, hangkem",1,0,0,0,1,0,tsnguway,hangkem,0,Tsnguway is a hangkem.,0,0,1
types,0,"bifflerotty, flawkz, jumpamtil",1,0,0,0,1,0,fmong,mekreng,0,Fmong is not a type of a mekreng.,0,0,1
instances,0,"niktsawk, zusawke, kllpxir",1,0,0,1,0,0,annevalat ,kllpxir,0,Annevalat  is not a kllpxir.,0,0,1
types,0,"annevalat , waynivi, kllpxay",1,0,0,0,1,0,txang,hapxayo,0,Txang is not a type of a hapxayo.,0,0,1
synonyms,0,"äzantsyìp, tsmunongopyu, txampam",1,0,0,0,1,0,kxantsang,äzantsyìp,0,Kxantsang is a synonym of a äzantsyìp.,0,0,1
instances,0,"äzantsyìp, eyktanzaw, zusawke",1,0,0,1,0,0,pasuksìm,numtsyal,0,Pasuksìm is a numtsyal.,0,0,1
types,0,"eyktanzaw, äzantsyìp, fmawe'tu",1,0,1,0,0,0,txatxkxe,eyktanzaw,0,Txatxkxe is a type of an eyktanzaw.,0,0,1
types,0,"eanfwe, liswal, numeypeyyu",1,0,1,0,0,0,maweyawr,kaymauti,0,Maweyawr is a type of a kaymauti.,0,0,1
types,0,"asqoy, utumaut, ikreng",1,0,0,1,0,0,eanfwe,utumaut,0,Eanfwe is a type of a utumaut.,0,0,1
instances,0,"kewangyu, nikranvi, karyun",1,0,0,1,0,0,pawkrr,oeyktan,0,Pawkrr is not an oeyktan.,0,0,1
instances,0,"jumpamtil, zusawk, meypeyyu",1,0,0,1,0,0,kalep,meypeyyu,0,Kalep is not a meypeyyu.,0,0,1
instances,0,"txatxkxe, epxanro'tu, ikreng",1,0,1,0,0,0,relsiyu,kxantsang,0,Relsiyu is a kxantsang.,0,0,1
synonyms,0,"ontsyey, ikrazef, mucherwì",1,0,0,0,1,0,nawmpin,ikrazef,0,Nawmpin is a synonym of an ikrazef.,0,0,1
instances,0,"bifflerotty, flawkz, jumpamtil",1,0,0,0,1,0,fmong,tskxen,0,Fmong is not a tskxen.,0,0,1
synonyms,0,"fnelat, kxeye'ung, tspangep",1,0,1,0,0,0,hìmpxom,tspangep,0,Hìmpxom is not a synonym of a tspangep.,0,0,1
synonyms,0,"bifflerotty, flawkz, jumpamtil",1,0,1,0,0,0,fmong,flawkz,0,Fmong is a synonym of a flawkz.,0,0,1
instances,0,"mucherwì, hapxayo, hikranvi",1,0,1,0,0,0,yentsyokx,hapxayo,0,Yentsyokx is a hapxayo.,0,0,1
synonyms,0,"tsmunongopyu, tutseotu, awazaaj",1,0,0,0,1,0,flawkz,awazaaj,0,Flawkz is a synonym of an awazaaj.,0,0,1
synonyms,0,"eyktanzaw, äzantsyìp, fmawe'tu",1,0,0,0,1,0,txatxkxe,natthasat,0,Txatxkxe is not a synonym of a natthasat.,0,0,1
types,0,"kxantsang, ikreng, hufwep",1,0,0,1,0,0,eltsyon,vawmtu,0,Eltsyon is not a type of a vawmtu.,0,0,1
types,0,"hangkem, jumptious, hìmpxom",1,0,0,0,1,0,nawngtu,mucherwì,0,Nawngtu is a type of a mucherwì.,0,0,1
types,0,"tskxen, fmawnol, hufwep",1,0,1,0,0,0,aung,hufwep,0,Aung is a type of a hufwep.,0,0,1
synonyms,0,"txampam, aung, oeyktan",1,0,0,1,0,0,liswal,miktsyo,0,Liswal is not a synonym of a miktsyo.,0,0,1
synonyms,0,"jumpamtil, eyavena, hermeyu",1,0,1,0,0,0,kantxansngal,reympinvul,0,Kantxansngal is not a synonym of a reympinvul.,0,0,1
synonyms,0,"hìmpxom, hangkem, fmawnol",1,0,0,0,1,0,gloriump,fmawnol,0,Gloriump is not a synonym of a fmawnol.,0,0,1
instances,0,"jumpamtil, eyavena, hermeyu",1,0,0,1,0,0,kantxansngal,hermeyu,0,Kantxansngal is not a hermeyu.,0,0,1
instances,0,"tutseotu, pewng, bifflerotty",1,0,0,1,0,0,uniaea,bifflerotty,0,Uniaea is not a bifflerotty.,0,0,1
synonyms,0,"pamtil, fmong, txansnay",1,0,0,1,0,0,txawng,fmong,0,Txawng is not a synonym of a fmong.,0,0,1
types,0,"eltsyon, tskxen, tìzingyu",1,0,0,0,1,0,karyun,annevalat ,0,Karyun is not a type of an annevalat .,0,0,1
synonyms,0,"tsmunongopyu, tutseotu, awazaaj",1,0,0,0,1,0,flawkz,squifflintu,0,Flawkz is a synonym of a squifflintu.,0,0,1
synonyms,0,"kxumper, fnelat, tsangep",1,0,0,0,1,0,mawnvenu,fnelat,0,Mawnvenu is not a synonym of a fnelat.,0,0,1
instances,0,"heyreltu, pewng, payo",1,0,0,0,1,0,tspangep,kllpxang,0,Tspangep is a kllpxang.,0,0,1
types,0,"bifflerotty, flawkz, jumpamtil",1,0,0,0,1,0,fmong,flawkz,0,Fmong is a type of a flawkz.,0,0,1
instances,0,"miktsyo, payo, txawng",1,0,0,1,0,0,kaymauti,payo,0,Kaymauti is a payo.,0,0,1
types,0,"kxumper, karyun, kalingyu",1,0,0,0,1,0,tsmunongopyu,apxì,0,Tsmunongopyu is a type of an apxì.,0,0,1
instances,0,"kxumper, tsngum, kllpxay",1,0,0,1,0,0,pewng,kxumper,0,Pewng is a kxumper.,0,0,1
synonyms,0,"fmawe'tu, tutseo, ewktsya",1,0,0,1,0,0,utumaut,tutseo,0,Utumaut is not a synonym of a tutseo.,0,0,1
instances,0,"kaymauti, yengsyo, hikranvi",1,0,0,0,1,0,ngä',kaymauti,0,Ngä' is a kaymauti.,0,0,1
types,0,"squifflintu, fnelat, kawnvenzekwä",1,0,0,0,1,0,tstalseng,squifflintu,0,Tstalseng is not a type of a squifflintu.,0,0,1
types,0,"tsngum, kentsyey, kxantsang",1,0,0,0,1,0,fmawnol,hawtsyosyu,0,Fmawnol is a type of a hawtsyosyu.,0,0,1
synonyms,0,"eanfwe, liswal, numeypeyyu",1,0,0,0,1,0,maweyawr,liswal,0,Maweyawr is not a synonym of a liswal.,0,0,1
synonyms,0,"waynivi, txeptsena, kllpxir",1,0,1,0,0,0,nikranvi,txeptsena,0,Nikranvi is a synonym of a txeptsena.,0,0,1
instances,0,"tsnga, yentsyokx, kaymauti",1,0,0,1,0,0,wongopyu,tsnga,0,Wongopyu is not a tsnga.,0,0,1
synonyms,0,"kxumper, kantxansngal, txawng",1,0,0,1,0,0,eyktanzaw,muntxayo,0,Eyktanzaw is a synonym of a muntxayo.,0,0,1
synonyms,0,"kafiurat, txinfpìlok, tsngum",1,0,0,1,0,0,tstxopu,kafiurat,0,Tstxopu is not a synonym of a kafiurat.,0,0,1
synonyms,0,"ionari, tihilu, gloriump",1,0,0,0,1,0,kewangyu,nikranvi,0,Kewangyu is not a synonym of a nikranvi.,0,0,1
instances,0,"kxantsang, ikreng, hufwep",1,0,1,0,0,0,eltsyon,gloriump,0,Eltsyon is a gloriump.,0,0,1
instances,0,"kentsyey, eltsyon, mispichy",1,0,0,0,1,0,miktsyo,mispichy,0,Miktsyo is a mispichy.,0,0,1
synonyms,0,"tspangep, karyun, kxump",1,0,1,0,0,0,natthasat,tspangep,0,Natthasat is not a synonym of a tspangep.,0,0,1
types,0,"natthasat, wongopyu, fmong",1,0,0,0,1,0,hermeyu,wongopyu,0,Hermeyu is a type of a wongopyu.,0,0,1
types,0,"numtsyìp, tsmunongopyu, pamtsena",1,0,1,0,0,0,lawkx,numtsyal,0,Lawkx is a type of a numtsyal.,0,0,1
types,0,"tsmunongopyu, kxantsang, kllpxang",1,0,0,0,1,0,tsangep,pawkrr,0,Tsangep is a type of a pawkrr.,0,0,1
synonyms,0,"kxantsang, ikreng, hufwep",1,0,1,0,0,0,eltsyon,vawmtu,0,Eltsyon is not a synonym of a vawmtu.,0,0,1
synonyms,0,"tstxopu, txawng, txinfpìlok",1,0,0,1,0,0,tsengwal,txinfpìlok,0,Tsengwal is not a synonym of a txinfpìlok.,0,0,1
instances,0,"quogwin, kalingyu, numtsyìp",1,0,0,1,0,0,eyavena,quogwin,0,Eyavena is not a quogwin.,0,0,1
types,0,"txatxkxe, fmawnol, fwetsim",1,0,1,0,0,0,txansnay,txatxkxe,0,Txansnay is not a type of a txatxkxe.,0,0,1
types,0,"bifflerotty, flawkz, jumpamtil",1,0,0,0,1,0,fmong,jumpamtil,0,Fmong is not a type of a jumpamtil.,0,0,1
types,0,"hangkem, jumptious, hìmpxom",1,0,0,1,0,0,nawngtu,pasuksìm,0,Nawngtu is a type of a pasuksìm.,0,0,1
instances,0,"hapxay, kllpxay, hawnetu",1,0,0,0,1,0,tsngawnol,jumptious,0,Tsngawnol is jumptious.,0,0,1
synonyms,0,"äzantsyìp, tsmunongopyu, txampam",1,0,0,0,1,0,kxantsang,numtsyìp,0,Kxantsang is a synonym of a numtsyìp.,0,0,1
types,0,"pamtsena, hapxay, flawkz",1,0,0,1,0,0,tsrunionari,pamtsena,0,Tsrunionari is not a type of a pamtsena.,0,0,1
synonyms,0,"eanfwe, liswal, numeypeyyu",1,0,1,0,0,0,maweyawr,kaymauti,0,Maweyawr is a synonym of a kaymauti.,0,0,1
types,0,"nawngtu, mucherwì, flawkz",1,0,1,0,0,0,fnelem,puktsyo,0,Fnelem is a type of a puktsyo.,0,0,1
types,0,"flawkz, hufwep, hì'angrr",1,0,0,0,1,0,numeypeyyu,hufwep,0,Numeypeyyu is a type of a hufwep.,0,0,1
synonyms,0,"kxara, lawkx, holpxanro'tu",1,0,1,0,0,0,epxanro'tu,mucherwì,0,Epxanro'tu is not a synonym of a mucherwì.,0,0,1
instances,0,"bifflerotty, flawkz, jumpamtil",1,0,0,1,0,0,fmong,ewktsya,0,Fmong is a ewktsya.,0,0,1
instances,0,"heyreltu, kllpxang, utumaut",1,0,0,0,1,0,kxekeng,kawnetuwondercrunil,0,Kxekeng is a kawnetuwondercrunil.,0,0,1
instances,0,"kxumper, tsngum, kllpxay",1,0,0,1,0,0,pewng,maweyawr,0,Pewng is a maweyawr.,0,0,1
instances,0,"epxanro'tu, yengsyo, kllpxir",1,0,0,0,1,0,lickswinkle,yengsyo,0,Lickswinkle is not a yengsyo.,0,0,1
synonyms,0,"katokx, quogwin, äzantsyìp",1,0,0,1,0,0,asqoy,puktsyo,0,Asqoy is a synonym of a puktsyo.,0,0,1
synonyms,0,"äzantsyìp, eyktanzaw, zusawke",1,0,1,0,0,0,pasuksìm,eyktanzaw,0,Pasuksìm is a synonym of an eyktanzaw.,0,0,1
instances,0,"kxara, lawkx, holpxanro'tu",1,0,0,0,1,0,epxanro'tu,tspangep,0,Epxanro'tu is a tspangep.,0,0,1
instances,0,"hawtsyosyu, wongopyu, ikrazef",1,0,0,0,1,0,kafiurat,hawtsyosyu,0,Kafiurat is not a hawtsyosyu.,0,0,1
synonyms,0,"eltsyon, tskxen, tìzingyu",1,0,0,0,1,0,karyun,muntxayo,0,Karyun is a synonym of a muntxayo.,0,0,1
instances,0,"kawnvenzekwä, pasuksìm, kxump",1,0,0,0,1,0,tihilat,hermeyu,0,Tihilat is not a hermeyu.,0,0,1
synonyms,0,"kxara, lawkx, holpxanro'tu",1,0,0,0,1,0,epxanro'tu,lawkx,0,Epxanro'tu is not a synonym of a lawkx.,0,0,1
instances,0,"eltsyon, tskxen, tìzingyu",1,0,1,0,0,0,karyun,tskxen,0,Karyun is not a tskxen.,0,0,1
synonyms,0,"kxantsang, ikreng, hufwep",1,0,0,0,1,0,eltsyon,hufwep,0,Eltsyon is a synonym of a hufwep.,0,0,1
synonyms,0,"kawnvenzekwä, pasuksìm, kxump",1,0,1,0,0,0,tihilat,pasuksìm,0,Tihilat is a synonym of a pasuksìm.,0,0,1
types,0,"muntxayo, jumpamtil, uniaea",1,0,0,0,1,0,katokx,muntxayo,0,Katokx is a type of a muntxayo.,0,0,1
instances,0,"miktsyo, payo, txawng",1,0,1,0,0,0,kaymauti,payo,0,Kaymauti is not a payo.,0,0,1
instances,0,"apxì, eyktanzaw, muntxayo",1,0,0,0,1,0,awazaaj,tstxopu,0,Awazaaj is a tstxopu.,0,0,1
instances,0,"ionari, tihilu, gloriump",1,0,1,0,0,0,kewangyu,pawkrr,0,Kewangyu is a pawkrr.,0,0,1
synonyms,0,"quogwin, kalingyu, numtsyìp",1,0,0,0,1,0,eyavena,kxantsang,0,Eyavena is a synonym of a kxantsang.,0,0,1
synonyms,0,"kxumper, tsngum, kllpxay",1,0,0,0,1,0,pewng,tsngum,0,Pewng is a synonym of a tsngum.,0,0,1
types,0,"kafiurat, txinfpìlok, tsngum",1,0,0,1,0,0,tstxopu,kafiurat,0,Tstxopu is a type of a kafiurat.,0,0,1
synonyms,0,"muntxayo, jumpamtil, uniaea",1,0,0,0,1,0,katokx,fnelem,0,Katokx is not a synonym of a fnelem.,0,0,1
instances,0,"puktsyo, tstalseng, vawmtu",1,0,0,0,1,0,tskxen,vawmtu,0,Tskxen is not a vawmtu.,0,0,1
instances,0,"ionari, tstalseng, tìzingyu",1,0,0,0,1,0,zusawke,tihilat,0,Zusawke is a tihilat.,0,0,1
instances,0,"hangkem, jumptious, hìmpxom",1,0,0,0,1,0,nawngtu,pasuksìm,0,Nawngtu is a pasuksìm.,0,0,1
types,0,"apxì, eyktanzaw, muntxayo",1,0,0,0,1,0,awazaaj,apxì,0,Awazaaj is not a type of an apxì.,0,0,1
instances,0,"quogwin, kalingyu, numtsyìp",1,0,0,0,1,0,eyavena,maweyawr,0,Eyavena is a maweyawr.,0,0,1
synonyms,0,"txatxkxe, fmawnol, fwetsim",1,0,1,0,0,0,txansnay,txatxkxe,0,Txansnay is a synonym of a txatxkxe.,0,0,1
synonyms,0,"ewktsya, tìzingyu, heyreltu",1,0,1,0,0,0,mucherwì,ionari,0,Mucherwì is not a synonym of an ionari.,0,0,1
types,0,"kxara, pawkrr, tspangep",1,0,0,1,0,0,fkxa,kllpxir,0,Fkxa is not a type of a kllpxir.,0,0,1
instances,0,"kxumper, karyun, kalingyu",1,0,1,0,0,0,tsmunongopyu,karyun,0,Tsmunongopyu is not a karyun.,0,0,1
types,0,"hangkem, tutseotu, wongopyu",1,0,0,0,1,0,muntxayo,kxumper,0,Muntxayo is a type of a kxumper.,0,0,1
types,0,"kxumper, kantxansngal, txawng",1,0,0,0,1,0,eyktanzaw,kantxansngal,0,Eyktanzaw is not a type of a kantxansngal.,0,0,1
types,0,"kawnetuwondercrunil, ikreng, kllpxang",1,0,0,0,1,0,kllpxir,ikreng,0,Kllpxir is not a type of an ikreng.,0,0,1
synonyms,0,"reympinvul, liswal, kxara",1,0,0,1,0,0,numtsyìp,quogwin,0,Numtsyìp is a synonym of a quogwin.,0,0,1
synonyms,0,"tsnguway, hì'angrr, waynivi",1,0,0,0,1,0,fmawe'tu,waynivi,0,Fmawe'tu is not a synonym of a waynivi.,0,0,1
instances,0,"kafiurat, txinfpìlok, tsngum",1,0,1,0,0,0,tstxopu,txinfpìlok,0,Tstxopu is not a txinfpìlok.,0,0,1
synonyms,0,"tsrunionari, hikranvi, mucherwì",1,0,0,0,1,0,oeyktan,liswal,0,Oeyktan is not a synonym of a liswal.,0,0,1
synonyms,0,"tutseotu, ngä', natthasat",1,0,0,0,1,0,tsnga,natthasat,0,Tsnga is not a synonym of a natthasat.,0,0,1
synonyms,0,"zusawk, hì'angrr, maweyawr",1,0,0,0,1,0,txeptsena,mawnvenu,0,Txeptsena is a synonym of a mawnvenu.,0,0,1
instances,0,"asqoy, hì'angrr, tsrunionari",1,0,1,0,0,0,kalingyu,hì'angrr,0,Kalingyu is not a hì'angrr.,0,0,1
types,0,"annevalat , waynivi, kllpxay",1,0,0,0,1,0,txang,nawmpin,0,Txang is a type of a nawmpin.,0,0,1
types,0,"pamtsena, hapxay, flawkz",1,0,1,0,0,0,tsrunionari,hapxay,0,Tsrunionari is not a type of a hapxay.,0,0,1
types,0,"txatxkxe, epxanro'tu, ikreng",1,0,1,0,0,0,relsiyu,txatxkxe,0,Relsiyu is not a type of a txatxkxe.,0,0,1
synonyms,0,"tutseotu, pewng, bifflerotty",1,0,0,1,0,0,uniaea,bifflerotty,0,Uniaea is not a synonym of a bifflerotty.,0,0,1
synonyms,0,"hapxay, tsrunionari, weptse",1,0,0,1,0,0,fwetsim,muntxayo,0,Fwetsim is not a synonym of a muntxayo.,0,0,1
synonyms,0,"pamtsena, hapxay, flawkz",1,0,0,0,1,0,tsrunionari,hapxay,0,Tsrunionari is not a synonym of a hapxay.,0,0,1
types,0,"hìmpxom, hangkem, fmawnol",1,0,1,0,0,0,gloriump,puktsyo,0,Gloriump is not a type of a puktsyo.,0,0,1
types,0,"tsngap, eltsyon, tsnguway",1,0,0,1,0,0,reympinvul,tihilat,0,Reympinvul is a type of a tihilat.,0,0,1
instances,0,"äzantsyìp, hì'angrr, numtsyal",1,0,0,0,1,0,kentsyey,uniaea,0,Kentsyey is a uniaea.,0,0,1
synonyms,0,"txatxkxe, epxanro'tu, ikreng",1,0,0,0,1,0,relsiyu,txatxkxe,0,Relsiyu is not a synonym of a txatxkxe.,0,0,1
instances,0,"fwetsim, hapxayo, asqoy",1,0,1,0,0,0,hì'angrr,nawngtu,0,Hì'angrr is a nawngtu.,0,0,1
synonyms,0,"jumpamtil, zusawk, meypeyyu",1,0,0,1,0,0,kalep,meypeyyu,0,Kalep is a synonym of a meypeyyu.,0,0,1
synonyms,0,"kekyu, äzantan, natthasat",1,0,0,0,1,0,tutseotu,kawnetuwondercrunil,0,Tutseotu is a synonym of a kawnetuwondercrunil.,0,0,1
types,0,"fmawnol, jumpamtil, utumaut",1,0,1,0,0,0,heyreltu,asqoy,0,Heyreltu is not a type of an asqoy.,0,0,1
types,0,"jumpamtil, eyavena, hermeyu",1,0,0,0,1,0,kantxansngal,jumpamtil,0,Kantxansngal is not a type of a jumpamtil.,0,0,1
synonyms,0,"tutseotu, pewng, bifflerotty",1,0,0,1,0,0,uniaea,zusawk,0,Uniaea is a synonym of a zusawk.,0,0,1
types,0,"äzantsyìp, eyktanzaw, zusawke",1,0,0,0,1,0,pasuksìm,ikreng,0,Pasuksìm is not a type of an ikreng.,0,0,1
instances,0,"zusawke, txinfpìlok, hangkem",1,0,1,0,0,0,tsnguway,apxì,0,Tsnguway is an apxì.,0,0,1
types,0,"äzantsyìp, tsmunongopyu, txampam",1,0,0,0,1,0,kxantsang,txang,0,Kxantsang is not a type of a txang.,0,0,1
instances,0,"asqoy, utumaut, ikreng",1,0,0,0,1,0,eanfwe,utumaut,0,Eanfwe is not a utumaut.,0,0,1
types,0,"äzantsyìp, hì'angrr, numtsyal",1,0,0,0,1,0,kentsyey,hì'angrr,0,Kentsyey is not a type of a hì'angrr.,0,0,1
synonyms,0,"txatxkxe, fmawnol, fwetsim",1,0,0,0,1,0,txansnay,fmawnol,0,Txansnay is a synonym of a fmawnol.,0,0,1
types,0,"hapxay, kllpxang, fmawnol",1,0,0,1,0,0,pamtil,yentsyokx,0,Pamtil is a type of a yentsyokx.,0,0,1
types,0,"txampam, aung, oeyktan",1,0,0,0,1,0,liswal,txampam,0,Liswal is not a type of a txampam.,0,0,1
synonyms,0,"fnelat, kxeye'ung, tspangep",1,0,0,0,1,0,hìmpxom,kxeye'ung,0,Hìmpxom is a synonym of a kxeye'ung.,0,0,1
instances,0,"liswal, txatxkxe, tutseo",1,0,0,0,1,0,niktsawk,txatxkxe,0,Niktsawk is not a txatxkxe.,0,0,1
synonyms,0,"fkxa, pamtsena, kafiurat",1,0,0,0,1,0,kxeye'ung,ionari,0,Kxeye'ung is not a synonym of an ionari.,0,0,1
instances,0,"asqoy, numeypeyyu, nawngtu",1,0,1,0,0,0,yengsyo,kxekeng,0,Yengsyo is not a kxekeng.,0,0,1
instances,0,"quogwin, kalingyu, numtsyìp",1,0,0,0,1,0,eyavena,kawnvenzekwä,0,Eyavena is not a kawnvenzekwä.,0,0,1
synonyms,0,"apxì, bifflerotty, kxantsang",1,0,0,0,1,0,mekreng,fnelat,0,Mekreng is a synonym of a fnelat.,0,0,1
types,0,"äzantan, ikrazef, reympinvul",1,0,0,0,1,0,yeyntu,hìmpxom,0,Yeyntu is a type of a hìmpxom.,0,0,1
synonyms,0,"hangkem, jumptious, hìmpxom",1,0,0,0,1,0,nawngtu,tskxen,0,Nawngtu is not a synonym of a tskxen.,0,0,1
types,0,"kxumper, tsngum, kllpxay",1,0,1,0,0,0,pewng,maweyawr,0,Pewng is a type of a maweyawr.,0,0,1
types,0,"tutseotu, pewng, bifflerotty",1,0,0,0,1,0,uniaea,zusawk,0,Uniaea is a type of a zusawk.,0,0,1
synonyms,0,"wongopyu, kxumper, jumpamtil",1,0,0,0,1,0,pamtsena,kxumper,0,Pamtsena is a synonym of a kxumper.,0,0,1
types,0,"miktsyo, payo, txawng",1,0,1,0,0,0,kaymauti,asqoy,0,Kaymauti is a type of an asqoy.,0,0,1
instances,0,"eanfwe, maweyawr, pamtsena",1,0,0,0,1,0,paytxe'lan,äzantan,0,Paytxe'lan is a äzantan.,0,0,1
instances,0,"txatxkxe, pawkrr, tihilu",1,0,0,0,1,0,quogwin,pawkrr,0,Quogwin is a pawkrr.,0,0,1
types,0,"relsiyu, hufwep, kafiurat",1,0,0,0,1,0,hapxayo,relsiyu,0,Hapxayo is a type of a relsiyu.,0,0,1
synonyms,0,"kaymauti, yengsyo, hikranvi",1,0,1,0,0,0,ngä',kaymauti,0,Ngä' is not a synonym of a kaymauti.,0,0,1
instances,0,"mekreng, oeyktan, hawtsyosyu",1,0,0,1,0,0,hikranvi,mekreng,0,Hikranvi is not a mekreng.,0,0,1
instances,0,"tsnguway, hì'angrr, waynivi",1,0,1,0,0,0,fmawe'tu,äzantsyìp,0,Fmawe'tu is not a äzantsyìp.,0,0,1
types,0,"ikrazef, meypeyyu, niktsawk",1,0,0,1,0,0,txampam,puktsyo,0,Txampam is not a type of a puktsyo.,0,0,1
types,0,"ionari, tstalseng, tìzingyu",1,0,0,1,0,0,zusawke,weptse,0,Zusawke is not a type of a weptse.,0,0,1
synonyms,0,"tspangep, karyun, kxump",1,0,0,0,1,0,natthasat,uniaea,0,Natthasat is a synonym of a uniaea.,0,0,1
synonyms,0,"eltsyon, tskxen, tìzingyu",1,0,0,0,1,0,karyun,eltsyon,0,Karyun is a synonym of an eltsyon.,0,0,1
types,0,"kentsyey, eltsyon, mispichy",1,0,0,0,1,0,miktsyo,kentsyey,0,Miktsyo is a type of a kentsyey.,0,0,1
instances,0,"yeyntu, utumaut, kalingyu",1,0,0,0,1,0,tihilu,mawnvenu,0,Tihilu is a mawnvenu.,0,0,1
types,0,"hapxay, kllpxang, fmawnol",1,0,0,0,1,0,pamtil,holpxanro'tu,0,Pamtil is not a type of a holpxanro'tu.,0,0,1
synonyms,0,"tutseo, eltsyey, vawmtu",1,0,0,0,1,0,squifflintu,vawmtu,0,Squifflintu is not a synonym of a vawmtu.,0,0,1
instances,0,"pewng, äzantsyìp, apxì",1,0,0,1,0,0,tìzingyu,oeyktan,0,Tìzingyu is an oeyktan.,0,0,1
types,0,"kxara, lawkx, holpxanro'tu",1,0,0,1,0,0,epxanro'tu,holpxanro'tu,0,Epxanro'tu is not a type of a holpxanro'tu.,0,0,1
instances,0,"zusawk, hì'angrr, maweyawr",1,0,0,0,1,0,txeptsena,zusawk,0,Txeptsena is a zusawk.,0,0,1
instances,0,"kxumper, tsngum, kllpxay",1,0,0,0,1,0,pewng,tihilu,0,Pewng is not a tihilu.,0,0,1
types,0,"reympinvul, txang, tsnguway",1,0,0,0,1,0,äzantan,reympinvul,0,Äzantan is not a type of a reympinvul.,0,0,1
types,0,"waynivi, tsengwal, kewangyu",1,0,0,1,0,0,kawnvenzekwä,tsengwal,0,Kawnvenzekwä is a type of a tsengwal.,0,0,1
types,0,"fkxa, pamtsena, kafiurat",1,0,0,0,1,0,kxeye'ung,kafiurat,0,Kxeye'ung is a type of a kafiurat.,0,0,1
types,0,"zusawk, hì'angrr, maweyawr",1,0,0,0,1,0,txeptsena,zusawk,0,Txeptsena is a type of a zusawk.,0,0,1
synonyms,0,"mawnvenu, ewktsya, fwetsim",1,0,1,0,0,0,korengsyo,fwetsim,0,Korengsyo is not a synonym of a fwetsim.,0,0,1
types,0,"hìmpxom, ngä', äzantsyìp",1,0,0,0,1,0,jumptious,yentsyokx,0,Jumptious is a type of a yentsyokx.,0,0,1
types,0,"annevalat , waynivi, kllpxay",1,0,0,0,1,0,txang,hikranvi,0,Txang is a type of a hikranvi.,0,0,1
types,0,"kawnvenzekwä, pasuksìm, kxump",1,0,0,0,1,0,tihilat,hermeyu,0,Tihilat is not a type of a hermeyu.,0,0,1
synonyms,0,"tsnguway, fwetsim, nawngtu",1,0,0,1,0,0,oeykekyunay,fwetsim,0,Oeykekyunay is a synonym of a fwetsim.,0,0,1
instances,0,"zusawke, txinfpìlok, hangkem",1,0,0,0,1,0,tsnguway,zusawke,0,Tsnguway is a zusawke.,0,0,1
synonyms,0,"hapxay, tsrunionari, weptse",1,0,0,1,0,0,fwetsim,nawngtu,0,Fwetsim is a synonym of a nawngtu.,0,0,1
types,0,"paytxe'lan, mekreng, payo",1,0,0,0,1,0,kxumper,kxeye'ung,0,Kxumper is a type of a kxeye'ung.,0,0,1
synonyms,0,"hapxay, kllpxay, hawnetu",1,0,0,0,1,0,tsngawnol,jumptious,0,Tsngawnol is a synonym of jumptious.,0,0,1
types,0,"kxumper, tsngum, kllpxay",1,0,0,0,1,0,pewng,kxumper,0,Pewng is a type of a kxumper.,0,0,1
instances,0,"liswal, txatxkxe, tutseo",1,0,0,0,1,0,niktsawk,tspangep,0,Niktsawk is a tspangep.,0,0,1
types,0,"tspangep, karyun, kxump",1,0,0,0,1,0,natthasat,kxump,0,Natthasat is not a type of a kxump.,0,0,1
synonyms,0,"kewangyu, eltsyon, ngä'",1,0,0,0,1,0,bifflerotty,aung,0,Bifflerotty is a synonym of an aung.,0,0,1
instances,0,"yeyntu, utumaut, kalingyu",1,0,0,1,0,0,tihilu,yeyntu,0,Tihilu is not a yeyntu.,0,0,1
synonyms,0,"yeyntu, utumaut, kalingyu",1,0,0,1,0,0,tihilu,yeyntu,0,Tihilu is not a synonym of a yeyntu.,0,0,1
types,0,"fwetsim, hapxayo, asqoy",1,0,0,1,0,0,hì'angrr,nawngtu,0,Hì'angrr is a type of a nawngtu.,0,0,1
instances,0,"tspangep, karyun, kxump",1,0,0,0,1,0,natthasat,uniaea,0,Natthasat is a uniaea.,0,0,1
types,0,"ikreng, kxara, äzantan",1,0,0,0,1,0,hufwep,kxara,0,Hufwep is not a type of a kxara.,0,0,1
synonyms,0,"tsmunongopyu, tutseotu, awazaaj",1,0,0,0,1,0,flawkz,hikranvi,0,Flawkz is not a synonym of a hikranvi.,0,0,1
synonyms,0,"äzantan, ikrazef, reympinvul",1,0,0,1,0,0,yeyntu,weptse,0,Yeyntu is not a synonym of a weptse.,0,0,1
instances,0,"fmawnol, hapxayo, tihilu",1,0,0,0,1,0,ikrazef,hapxayo,0,Ikrazef is a hapxayo.,0,0,1
types,0,"ontsyey, tutseotu, lamourly",1,0,0,1,0,0,hawnetu,eanfwe,0,Hawnetu is a type of an eanfwe.,0,0,1
types,0,"fmawnol, jumpamtil, utumaut",1,0,0,0,1,0,heyreltu,holpxanro'tu,0,Heyreltu is not a type of a holpxanro'tu.,0,0,1
synonyms,0,"fnelat, kxeye'ung, tspangep",1,0,0,0,1,0,hìmpxom,hangkem,0,Hìmpxom is a synonym of a hangkem.,0,0,1
synonyms,0,"äzantsyìp, tsmunongopyu, tstalseng",1,0,0,1,0,0,tutseo,hapxayo,0,Tutseo is not a synonym of a hapxayo.,0,0,1
types,0,"asqoy, jumptious, kewangyu",1,0,0,0,1,0,tsngap,utumaut,0,Tsngap is a type of a utumaut.,0,0,1
types,0,"hìmpxom, ngä', äzantsyìp",1,0,0,0,1,0,jumptious,hikranvi,0,Jumptious is a type of a hikranvi.,0,0,1
synonyms,0,"tsmunongopyu, kxantsang, kllpxang",1,0,0,0,1,0,tsangep,kllpxang,0,Tsangep is a synonym of a kllpxang.,0,0,1
types,0,"liswal, txatxkxe, tutseo",1,0,0,0,1,0,niktsawk,tsngum,0,Niktsawk is not a type of a tsngum.,0,0,1
instances,0,"yeyntu, utumaut, kalingyu",1,0,0,0,1,0,tihilu,tsrunionari,0,Tihilu is not a tsrunionari.,0,0,1
synonyms,0,"kawnvenzekwä, pasuksìm, kxump",1,0,0,0,1,0,tihilat,quogwin,0,Tihilat is not a synonym of a quogwin.,0,0,1
synonyms,0,"asqoy, utumaut, ikreng",1,0,0,1,0,0,eanfwe,utumaut,0,Eanfwe is a synonym of a utumaut.,0,0,1
instances,0,"kekyu, äzantan, natthasat",1,0,0,0,1,0,tutseotu,kawnetuwondercrunil,0,Tutseotu is a kawnetuwondercrunil.,0,0,1
instances,0,"miktsyo, payo, txawng",1,0,0,0,1,0,kaymauti,pawkrr,0,Kaymauti is not a pawkrr.,0,0,1
instances,0,"hawtsyosyu, wongopyu, ikrazef",1,0,1,0,0,0,kafiurat,wongopyu,0,Kafiurat is a wongopyu.,0,0,1
instances,0,"squifflintu, fnelat, kawnvenzekwä",1,0,0,0,1,0,tstalseng,maweyawr,0,Tstalseng is a maweyawr.,0,0,1
instances,0,"ewktsya, kllpxang, hermeyu",1,0,0,0,1,0,vawmtu,kekyu,0,Vawmtu is a kekyu.,0,0,1
types,0,"korengsyo, kxekeng, ikreng",1,0,0,1,0,0,kekyu,katokx,0,Kekyu is a type of a katokx.,0,0,1
synonyms,0,"hermeyu, ikreng, maweyawr",1,0,0,1,0,0,kxump,kxekeng,0,Kxump is a synonym of a kxekeng.,0,0,1
synonyms,0,"hapxayo, tsangep, korengsyo",1,0,0,1,0,0,ionari,hapxayo,0,Ionari is not a synonym of a hapxayo.,0,0,1
instances,0,"pamtsena, hapxay, flawkz",1,0,1,0,0,0,tsrunionari,pamtsena,0,Tsrunionari is not a pamtsena.,0,0,1
types,0,"bifflerotty, flawkz, jumpamtil",1,0,0,0,1,0,fmong,tskxen,0,Fmong is not a type of a tskxen.,0,0,1
instances,0,"fnelat, kxeye'ung, tspangep",1,0,1,0,0,0,hìmpxom,fnelat,0,Hìmpxom is a fnelat.,0,0,1
types,0,"ewktsya, tìzingyu, heyreltu",1,0,1,0,0,0,mucherwì,awazaaj,0,Mucherwì is a type of an awazaaj.,0,0,1
instances,0,"fmawnol, jumpamtil, utumaut",1,0,0,0,1,0,heyreltu,fmawnol,0,Heyreltu is not a fmawnol.,0,0,1
instances,0,"tstxopu, txawng, txinfpìlok",1,0,0,0,1,0,tsengwal,kekyu,0,Tsengwal is a kekyu.,0,0,1
types,0,"mekreng, oeyktan, hawtsyosyu",1,0,0,1,0,0,hikranvi,hawtsyosyu,0,Hikranvi is a type of a hawtsyosyu.,0,0,1
instances,0,"hangkem, tutseotu, wongopyu",1,0,0,1,0,0,muntxayo,kxumper,0,Muntxayo is a kxumper.,0,0,1
types,0,"reympinvul, liswal, kxara",1,0,1,0,0,0,numtsyìp,puktsyo,0,Numtsyìp is a type of a puktsyo.,0,0,1
synonyms,0,"kxara, lawkx, holpxanro'tu",1,0,0,0,1,0,epxanro'tu,holpxanro'tu,0,Epxanro'tu is not a synonym of a holpxanro'tu.,0,0,1
types,0,"tsmunongopyu, flawkz, kawnetuwondercrunil",1,0,1,0,0,0,äzantsyìp,ionari,0,Äzantsyìp is not a type of an ionari.,0,0,1
instances,0,"eyktanzaw, äzantsyìp, fmawe'tu",1,0,0,0,1,0,txatxkxe,kllpxang,0,Txatxkxe is a kllpxang.,0,0,1
types,0,"miktsyo, payo, txawng",1,0,0,0,1,0,kaymauti,pawkrr,0,Kaymauti is not a type of a pawkrr.,0,0,1
instances,0,"natthasat, wongopyu, fmong",1,0,0,0,1,0,hermeyu,wongopyu,0,Hermeyu is a wongopyu.,0,0,1
instances,0,"annevalat , waynivi, kllpxay",1,0,0,0,1,0,txang,tstxopu,0,Txang is a tstxopu.,0,0,1
instances,0,"kentsyey, eltsyon, mispichy",1,0,0,1,0,0,miktsyo,kxara,0,Miktsyo is not a kxara.,0,0,1
instances,0,"wongopyu, kxumper, jumpamtil",1,0,0,0,1,0,pamtsena,kxumper,0,Pamtsena is not a kxumper.,0,0,1
synonyms,0,"kxumper, fnelat, tsangep",1,0,0,0,1,0,mawnvenu,tsangep,0,Mawnvenu is not a synonym of a tsangep.,0,0,1
instances,0,"tsnguway, hermeyu, ikreng",1,0,0,0,1,0,ontsyey,txang,0,Ontsyey is not a txang.,0,0,1
instances,0,"apxì, bifflerotty, kxantsang",1,0,1,0,0,0,mekreng,bifflerotty,0,Mekreng is not a bifflerotty.,0,0,1
synonyms,0,"katokx, quogwin, äzantsyìp",1,0,0,0,1,0,asqoy,katokx,0,Asqoy is a synonym of a katokx.,0,0,1
instances,0,"tsnga, yentsyokx, kaymauti",1,0,1,0,0,0,wongopyu,mekreng,0,Wongopyu is not a mekreng.,0,0,1
instances,0,"hangkem, jumptious, hìmpxom",1,0,1,0,0,0,nawngtu,hìmpxom,0,Nawngtu is a hìmpxom.,0,0,1
types,0,"hapxay, tsrunionari, weptse",1,0,1,0,0,0,fwetsim,muntxayo,0,Fwetsim is not a type of a muntxayo.,0,0,1
synonyms,0,"mekreng, oeyktan, hawtsyosyu",1,0,0,0,1,0,hikranvi,hawtsyosyu,0,Hikranvi is a synonym of a hawtsyosyu.,0,0,1
synonyms,0,"hawtsyosyu, nikranvi, pawkrr",1,0,1,0,0,0,ikreng,hawtsyosyu,0,Ikreng is a synonym of a hawtsyosyu.,0,0,1
types,0,"kawnvenzekwä, pasuksìm, kxump",1,0,1,0,0,0,tihilat,pasuksìm,0,Tihilat is a type of a pasuksìm.,0,0,1
synonyms,0,"hawtsyosyu, wongopyu, ikrazef",1,0,1,0,0,0,kafiurat,hawtsyosyu,0,Kafiurat is not a synonym of a hawtsyosyu.,0,0,1
synonyms,0,"mucherwì, hapxayo, hikranvi",1,0,0,1,0,0,yentsyokx,hikranvi,0,Yentsyokx is not a synonym of a hikranvi.,0,0,1
types,0,"fmong, nikranvi, tsngap",1,0,1,0,0,0,ewktsya,fmong,0,Ewktsya is a type of a fmong.,0,0,1
types,0,"zusawke, kalep, kllpxir",1,0,0,0,1,0,txinfpìlok,kewangyu,0,Txinfpìlok is not a type of a kewangyu.,0,0,1
types,0,"hìmpxom, ngä', äzantsyìp",1,0,0,1,0,0,jumptious,tihilat,0,Jumptious is not a type of a tihilat.,0,0,1
types,0,"fwetsim, hapxayo, asqoy",1,0,0,1,0,0,hì'angrr,fwetsim,0,Hì'angrr is a type of a fwetsim.,0,0,1
synonyms,0,"wongopyu, txinfpìlok, kalingyu",1,0,0,0,1,0,hangkem,utumaut,0,Hangkem is not a synonym of a utumaut.,0,0,1
synonyms,0,"mekreng, oeyktan, hawtsyosyu",1,0,0,1,0,0,hikranvi,mekreng,0,Hikranvi is not a synonym of a mekreng.,0,0,1
synonyms,0,"mekreng, oeyktan, hawtsyosyu",1,0,1,0,0,0,hikranvi,mekreng,0,Hikranvi is a synonym of a mekreng.,0,0,1
types,0,"txawng, fnelat, tspangep",1,0,0,0,1,0,kllpxay,fnelat,0,Kllpxay is not a type of a fnelat.,0,0,1
types,0,"ikreng, kxara, äzantan",1,0,0,0,1,0,hufwep,gloriump,0,Hufwep is not a type of a gloriump.,0,0,1
synonyms,0,"zusawke, txinfpìlok, hangkem",1,0,0,0,1,0,tsnguway,oeyktan,0,Tsnguway is not a synonym of an oeyktan.,0,0,1
types,0,"miktsyo, mispichy, reympinvul",1,0,1,0,0,0,holpxanro'tu,kentsyey,0,Holpxanro'tu is a type of a kentsyey.,0,0,1
types,0,"heyreltu, kentsyey, tstxopu",1,0,1,0,0,0,puktsyo,heyreltu,0,Puktsyo is a type of a heyreltu.,0,0,1
instances,0,"hangkem, tutseotu, wongopyu",1,0,0,0,1,0,muntxayo,ikreng,0,Muntxayo is not an ikreng.,0,0,1
instances,0,"tsmunongopyu, tutseotu, awazaaj",1,0,0,1,0,0,flawkz,nawngtu,0,Flawkz is a nawngtu.,0,0,1
instances,0,"ontsyey, tutseotu, lamourly",1,0,1,0,0,0,hawnetu,lamourly,0,Hawnetu is not a lamourly.,0,0,1
synonyms,0,"hawtsyosyu, wongopyu, ikrazef",1,0,1,0,0,0,kafiurat,flawkz,0,Kafiurat is a synonym of a flawkz.,0,0,1
instances,0,"kafiurat, txinfpìlok, tsngum",1,0,1,0,0,0,tstxopu,kewangyu,0,Tstxopu is not a kewangyu.,0,0,1
instances,0,"quogwin, kalingyu, numtsyìp",1,0,0,0,1,0,eyavena,numtsyìp,0,Eyavena is not a numtsyìp.,0,0,1
synonyms,0,"kaymauti, yengsyo, hikranvi",1,0,1,0,0,0,ngä',kxumper,0,Ngä' is not a synonym of a kxumper.,0,0,1
synonyms,0,"heyreltu, numtsyal, squifflintu",1,0,1,0,0,0,payo,heyreltu,0,Payo is a synonym of a heyreltu.,0,0,1
synonyms,0,"hermeyu, ikreng, maweyawr",1,0,0,0,1,0,kxump,ikreng,0,Kxump is a synonym of an ikreng.,0,0,1
types,0,"kafiurat, txinfpìlok, tsngum",1,0,0,1,0,0,tstxopu,kewangyu,0,Tstxopu is not a type of a kewangyu.,0,0,1
synonyms,0,"tsnguway, hermeyu, ikreng",1,0,1,0,0,0,ontsyey,txang,0,Ontsyey is not a synonym of a txang.,0,0,1
types,0,"asqoy, numeypeyyu, nawngtu",1,0,0,0,1,0,yengsyo,kxekeng,0,Yengsyo is not a type of a kxekeng.,0,0,1
instances,0,"kewangyu, nikranvi, karyun",1,0,0,0,1,0,pawkrr,nikranvi,0,Pawkrr is a nikranvi.,0,0,1
instances,0,"fwetsim, hapxayo, asqoy",1,0,0,0,1,0,hì'angrr,eyktanzaw,0,Hì'angrr is an eyktanzaw.,0,0,1
types,0,"eyavena, ngä', tihilat",1,0,0,0,1,0,zusawk,kllpxir,0,Zusawk is not a type of a kllpxir.,0,0,1
types,0,"niktsawk, zusawke, kllpxir",1,0,1,0,0,0,annevalat ,eltsyey,0,Annevalat  is a type of an eltsyey.,0,0,1
instances,0,"txatxkxe, pawkrr, tihilu",1,0,0,0,1,0,quogwin,tihilu,0,Quogwin is not a tihilu.,0,0,1
instances,0,"apxì, eyktanzaw, muntxayo",1,0,0,1,0,0,awazaaj,eyktanzaw,0,Awazaaj is not an eyktanzaw.,0,0,1
synonyms,0,"tskxen, txampam, hermeyu",1,0,1,0,0,0,jumpamtil,tskxen,0,Jumpamtil is a synonym of a tskxen.,0,0,1
types,0,"mekreng, oeyktan, hawtsyosyu",1,0,0,1,0,0,hikranvi,hufwep,0,Hikranvi is not a type of a hufwep.,0,0,1
synonyms,0,"txatxkxe, pawkrr, tihilu",1,0,0,1,0,0,quogwin,pawkrr,0,Quogwin is a synonym of a pawkrr.,0,0,1
synonyms,0,"eanfwe, maweyawr, pamtsena",1,0,0,1,0,0,paytxe'lan,pasuksìm,0,Paytxe'lan is not a synonym of a pasuksìm.,0,0,1
types,0,"fmawe'tu, kllpxay, eltsyon",1,0,0,1,0,0,mispichy,fmawe'tu,0,Mispichy is not a type of a fmawe'tu.,0,0,1
synonyms,0,"mucherwì, hapxayo, hikranvi",1,0,1,0,0,0,yentsyokx,katokx,0,Yentsyokx is not a synonym of a katokx.,0,0,1
synonyms,0,"asqoy, numeypeyyu, nawngtu",1,0,0,0,1,0,yengsyo,kxekeng,0,Yengsyo is not a synonym of a kxekeng.,0,0,1
instances,0,"txatxkxe, fmawnol, fwetsim",1,0,0,0,1,0,txansnay,liswal,0,Txansnay is not a liswal.,0,0,1
synonyms,0,"reympinvul, liswal, kxara",1,0,1,0,0,0,numtsyìp,maweyawr,0,Numtsyìp is a synonym of a maweyawr.,0,0,1
types,0,"tutseotu, pewng, bifflerotty",1,0,1,0,0,0,uniaea,tutseotu,0,Uniaea is a type of a tutseotu.,0,0,1
synonyms,0,"kewangyu, nikranvi, karyun",1,0,0,0,1,0,pawkrr,oeyktan,0,Pawkrr is not a synonym of an oeyktan.,0,0,1
synonyms,0,"heyreltu, kllpxang, utumaut",1,0,0,0,1,0,kxekeng,fwetsim,0,Kxekeng is a synonym of a fwetsim.,0,0,1
instances,0,"fmawnol, hapxayo, tihilu",1,0,1,0,0,0,ikrazef,fmawnol,0,Ikrazef is a fmawnol.,0,0,1
synonyms,0,"pamtsena, hapxay, flawkz",1,0,0,0,1,0,tsrunionari,zusawk,0,Tsrunionari is a synonym of a zusawk.,0,0,1
types,0,"tsrunionari, hikranvi, mucherwì",1,0,1,0,0,0,oeyktan,mucherwì,0,Oeyktan is a type of a mucherwì.,0,0,1
instances,0,"zusawk, karyun, eltsyey",1,0,1,0,0,0,hawtsyosyu,karyun,0,Hawtsyosyu is not a karyun.,0,0,1
types,0,"heyreltu, numtsyal, squifflintu",1,0,0,0,1,0,payo,heyreltu,0,Payo is not a type of a heyreltu.,0,0,1
synonyms,0,"wongopyu, kxumper, jumpamtil",1,0,0,0,1,0,pamtsena,kxumper,0,Pamtsena is not a synonym of a kxumper.,0,0,1
synonyms,0,"tstxopu, txawng, txinfpìlok",1,0,0,1,0,0,tsengwal,hìmpxom,0,Tsengwal is a synonym of a hìmpxom.,0,0,1
instances,0,"asqoy, numeypeyyu, nawngtu",1,0,0,1,0,0,yengsyo,txeptsena,0,Yengsyo is a txeptsena.,0,0,1
types,0,"apxì, bifflerotty, kxantsang",1,0,1,0,0,0,mekreng,kxantsang,0,Mekreng is a type of a kxantsang.,0,0,1
types,0,"pewng, äzantsyìp, apxì",1,0,0,1,0,0,tìzingyu,apxì,0,Tìzingyu is a type of an apxì.,0,0,1
synonyms,0,"fmawe'tu, tutseo, ewktsya",1,0,0,1,0,0,utumaut,fmawe'tu,0,Utumaut is not a synonym of a fmawe'tu.,0,0,1
instances,0,"heyreltu, kentsyey, tstxopu",1,0,0,0,1,0,puktsyo,kentsyey,0,Puktsyo is not a kentsyey.,0,0,1
types,0,"karyun, kafiurat, tsnguway",1,0,0,0,1,0,hapxay,karyun,0,Hapxay is not a type of a karyun.,0,0,1
synonyms,0,"asqoy, hì'angrr, tsrunionari",1,0,0,0,1,0,kalingyu,hì'angrr,0,Kalingyu is not a synonym of a hì'angrr.,0,0,1
synonyms,0,"asqoy, utumaut, ikreng",1,0,0,0,1,0,eanfwe,asqoy,0,Eanfwe is not a synonym of an asqoy.,0,0,1
synonyms,0,"tutseotu, ngä', natthasat",1,0,0,0,1,0,tsnga,tutseotu,0,Tsnga is a synonym of a tutseotu.,0,0,1
synonyms,0,"hapxay, kllpxang, fmawnol",1,0,0,0,1,0,pamtil,hapxay,0,Pamtil is not a synonym of a hapxay.,0,0,1
types,0,"kxantsang, ikreng, hufwep",1,0,0,0,1,0,eltsyon,kxeye'ung,0,Eltsyon is not a type of a kxeye'ung.,0,0,1
instances,0,"kewangyu, eltsyon, ngä'",1,0,1,0,0,0,bifflerotty,kekyu,0,Bifflerotty is a kekyu.,0,0,1
synonyms,0,"ikreng, kxara, äzantan",1,0,1,0,0,0,hufwep,tstxopu,0,Hufwep is not a synonym of a tstxopu.,0,0,1
types,0,"txatxkxe, pawkrr, tihilu",1,0,1,0,0,0,quogwin,kxump,0,Quogwin is not a type of a kxump.,0,0,1
synonyms,0,"heyreltu, kentsyey, tstxopu",1,0,0,0,1,0,puktsyo,gloriump,0,Puktsyo is not a synonym of a gloriump.,0,0,1
instances,0,"kxumper, tsngum, kllpxay",1,0,0,1,0,0,pewng,kxumper,0,Pewng is not a kxumper.,0,0,1
synonyms,0,"tsrunionari, hikranvi, mucherwì",1,0,0,0,1,0,oeyktan,flawkz,0,Oeyktan is a synonym of a flawkz.,0,0,1
types,0,"fmawe'tu, tutseo, ewktsya",1,0,0,0,1,0,utumaut,ewktsya,0,Utumaut is a type of a ewktsya.,0,0,1
synonyms,0,"fnelem, uniaea, aung",1,0,0,0,1,0,dogswo,aung,0,Dogswo is a synonym of an aung.,0,0,1
types,0,"hermeyu, ikreng, maweyawr",1,0,1,0,0,0,kxump,ikreng,0,Kxump is a type of an ikreng.,0,0,1
types,0,"kaymauti, yengsyo, hikranvi",1,0,1,0,0,0,ngä',kaymauti,0,Ngä' is a type of a kaymauti.,0,0,1
types,0,"lawkx, annevalat , waynivi",1,0,1,0,0,0,fnelat,annevalat ,0,Fnelat is not a type of an annevalat .,0,0,1
synonyms,0,"kalingyu, karyun, tsngap",1,0,0,0,1,0,meypeyyu,karyun,0,Meypeyyu is a synonym of a karyun.,0,0,1
instances,0,"ikreng, kxara, äzantan",1,0,0,1,0,0,hufwep,tstxopu,0,Hufwep is not a tstxopu.,0,0,1
types,0,"hìmpxom, ngä', äzantsyìp",1,0,0,0,1,0,jumptious,äzantsyìp,0,Jumptious is not a type of a äzantsyìp.,0,0,1
synonyms,0,"kxumper, tsngum, kllpxay",1,0,0,0,1,0,pewng,kllpxay,0,Pewng is not a synonym of a kllpxay.,0,0,1
instances,0,"asqoy, jumptious, kewangyu",1,0,0,0,1,0,tsngap,asqoy,0,Tsngap is not an asqoy.,0,0,1
instances,0,"hapxayo, tsangep, korengsyo",1,0,1,0,0,0,ionari,korengsyo,0,Ionari is not a korengsyo.,0,0,1
instances,0,"kxara, pawkrr, tspangep",1,0,0,1,0,0,fkxa,yentsyokx,0,Fkxa is not a yentsyokx.,0,0,1
instances,0,"lawkx, annevalat , waynivi",1,0,0,0,1,0,fnelat,numtsyal,0,Fnelat is a numtsyal.,0,0,1
types,0,"kawnetuwondercrunil, ikreng, kllpxang",1,0,0,0,1,0,kllpxir,payo,0,Kllpxir is not a type of a payo.,0,0,1
synonyms,0,"tsnga, yentsyokx, kaymauti",1,0,0,1,0,0,wongopyu,fmawe'tu,0,Wongopyu is a synonym of a fmawe'tu.,0,0,1
instances,0,"hìmpxom, hangkem, fmawnol",1,0,0,1,0,0,gloriump,hangkem,0,Gloriump is not a hangkem.,0,0,1
types,0,"tspangep, karyun, kxump",1,0,1,0,0,0,natthasat,tspangep,0,Natthasat is a type of a tspangep.,0,0,1
types,0,"asqoy, utumaut, ikreng",1,0,0,1,0,0,eanfwe,tsngum,0,Eanfwe is a type of a tsngum.,0,0,1
instances,0,"fnelem, uniaea, aung",1,0,0,0,1,0,dogswo,waynivi,0,Dogswo is not a waynivi.,0,0,1
types,0,"tsnga, yentsyokx, kaymauti",1,0,0,0,1,0,wongopyu,quogwin,0,Wongopyu is a type of a quogwin.,0,0,1
instances,0,"pamtil, fmong, txansnay",1,0,0,0,1,0,txawng,pamtil,0,Txawng is not a pamtil.,0,0,1
instances,0,"äzantsyìp, tsmunongopyu, txampam",1,0,1,0,0,0,kxantsang,uniaea,0,Kxantsang is a uniaea.,0,0,1
instances,0,"tutseotu, ngä', natthasat",1,0,0,0,1,0,tsnga,weptse,0,Tsnga is not a weptse.,0,0,1
synonyms,0,"mekreng, mucherwì, lamourly",1,0,1,0,0,0,eltsyey,pamtsena,0,Eltsyey is not a synonym of a pamtsena.,0,0,1
types,0,"kxumper, tsngum, kllpxay",1,0,0,1,0,0,pewng,tsengwal,0,Pewng is not a type of a tsengwal.,0,0,1
synonyms,0,"annevalat , waynivi, kllpxay",1,0,0,0,1,0,txang,annevalat ,0,Txang is a synonym of an annevalat .,0,0,1
synonyms,0,"tutseo, eltsyey, vawmtu",1,0,1,0,0,0,squifflintu,jumptious,0,Squifflintu is not a synonym of jumptious.,0,0,1
types,0,"hì'angrr, fnelem, squifflintu",1,0,0,0,1,0,weptse,hì'angrr,0,Weptse is a type of a hì'angrr.,0,0,1
types,0,"tstxopu, txawng, txinfpìlok",1,0,0,1,0,0,tsengwal,kekyu,0,Tsengwal is a type of a kekyu.,0,0,1
instances,0,"tskxen, fmawnol, hufwep",1,0,0,1,0,0,aung,hufwep,0,Aung is a hufwep.,0,0,1
instances,0,"txatxkxe, epxanro'tu, ikreng",1,0,1,0,0,0,relsiyu,ngä',0,Relsiyu is not a ngä'.,0,0,1
instances,0,"quogwin, kalingyu, numtsyìp",1,0,0,0,1,0,eyavena,kalingyu,0,Eyavena is not a kalingyu.,0,0,1
synonyms,0,"pamtsena, hapxay, flawkz",1,0,0,0,1,0,tsrunionari,flawkz,0,Tsrunionari is not a synonym of a flawkz.,0,0,1
instances,0,"uniaea, hufwep, mekreng",1,0,1,0,0,0,numtsyal,tstalseng,0,Numtsyal is a tstalseng.,0,0,1
types,0,"tspangep, karyun, kxump",1,0,0,0,1,0,natthasat,tspangep,0,Natthasat is not a type of a tspangep.,0,0,1
synonyms,0,"ontsyey, tutseotu, lamourly",1,0,0,0,1,0,hawnetu,ikreng,0,Hawnetu is not a synonym of an ikreng.,0,0,1
types,0,"miktsyo, mispichy, reympinvul",1,0,0,0,1,0,holpxanro'tu,kxeye'ung,0,Holpxanro'tu is not a type of a kxeye'ung.,0,0,1
instances,0,"hìmpxom, ngä', äzantsyìp",1,0,0,1,0,0,jumptious,ngä',0,Jumptious is not a ngä'.,0,0,1
types,0,"pamtsena, hapxay, flawkz",1,0,0,0,1,0,tsrunionari,zusawk,0,Tsrunionari is a type of a zusawk.,0,0,1
synonyms,0,"hìmpxom, ngä', äzantsyìp",1,0,0,0,1,0,jumptious,äzantsyìp,0,Jumptious is not a synonym of a äzantsyìp.,0,0,1
types,0,"asqoy, jumptious, kewangyu",1,0,0,0,1,0,tsngap,asqoy,0,Tsngap is not a type of an asqoy.,0,0,1
synonyms,0,"tsrunionari, hikranvi, mucherwì",1,0,0,0,1,0,oeyktan,mucherwì,0,Oeyktan is a synonym of a mucherwì.,0,0,1
synonyms,0,"katokx, quogwin, äzantsyìp",1,0,0,0,1,0,asqoy,äzantsyìp,0,Asqoy is a synonym of a äzantsyìp.,0,0,1
instances,0,"heyreltu, pewng, payo",1,0,0,0,1,0,tspangep,heyreltu,0,Tspangep is a heyreltu.,0,0,1
instances,0,"tsnga, yentsyokx, kaymauti",1,0,1,0,0,0,wongopyu,epxanro'tu,0,Wongopyu is not an epxanro'tu.,0,0,1
synonyms,0,"txatxkxe, fmawnol, fwetsim",1,0,1,0,0,0,txansnay,fnelem,0,Txansnay is not a synonym of a fnelem.,0,0,1
types,0,"epxanro'tu, yengsyo, kllpxir",1,0,0,0,1,0,lickswinkle,tutseotu,0,Lickswinkle is a type of a tutseotu.,0,0,1
synonyms,0,"tsmunongopyu, kxantsang, kllpxang",1,0,0,0,1,0,tsangep,fmawe'tu,0,Tsangep is not a synonym of a fmawe'tu.,0,0,1
types,0,"ionari, tstalseng, tìzingyu",1,0,0,1,0,0,zusawke,tìzingyu,0,Zusawke is not a type of a tìzingyu.,0,0,1
instances,0,"zusawke, txinfpìlok, hangkem",1,0,1,0,0,0,tsnguway,zusawk,0,Tsnguway is not a zusawk.,0,0,1
instances,0,"eltsyon, tskxen, tìzingyu",1,0,0,1,0,0,karyun,muntxayo,0,Karyun is a muntxayo.,0,0,1
synonyms,0,"tsngum, kentsyey, kxantsang",1,0,0,1,0,0,fmawnol,tsrunionari,0,Fmawnol is not a synonym of a tsrunionari.,0,0,1
synonyms,0,"asqoy, jumptious, kewangyu",1,0,0,0,1,0,tsngap,kewangyu,0,Tsngap is not a synonym of a kewangyu.,0,0,1
types,0,"tsnga, yentsyokx, kaymauti",1,0,0,0,1,0,wongopyu,fmawe'tu,0,Wongopyu is a type of a fmawe'tu.,0,0,1
instances,0,"hawtsyosyu, nikranvi, pawkrr",1,0,0,1,0,0,ikreng,nikranvi,0,Ikreng is not a nikranvi.,0,0,1
types,0,"zusawke, txinfpìlok, hangkem",1,0,0,1,0,0,tsnguway,zusawk,0,Tsnguway is not a type of a zusawk.,0,0,1
synonyms,0,"ikreng, kxara, äzantan",1,0,0,1,0,0,hufwep,kxara,0,Hufwep is not a synonym of a kxara.,0,0,1
synonyms,0,"bifflerotty, flawkz, jumpamtil",1,0,0,0,1,0,fmong,hapxayo,0,Fmong is a synonym of a hapxayo.,0,0,1
synonyms,0,"tutseotu, pewng, bifflerotty",1,0,1,0,0,0,uniaea,ikrazef,0,Uniaea is a synonym of an ikrazef.,0,0,1
types,0,"tstxopu, txawng, txinfpìlok",1,0,0,0,1,0,tsengwal,txawng,0,Tsengwal is a type of a txawng.,0,0,1
types,0,"tìzingyu, katokx, lawkx",1,0,0,0,1,0,kawnetuwondercrunil,niktsawk,0,Kawnetuwondercrunil is a type of a niktsawk.,0,0,1
synonyms,0,"äzantsyìp, eyktanzaw, zusawke",1,0,1,0,0,0,pasuksìm,kllpxay,0,Pasuksìm is not a synonym of a kllpxay.,0,0,1
instances,0,"tsmunongopyu, tutseotu, awazaaj",1,0,0,1,0,0,flawkz,tsmunongopyu,0,Flawkz is a tsmunongopyu.,0,0,1
instances,0,"fmawe'tu, tutseo, ewktsya",1,0,0,1,0,0,utumaut,ewktsya,0,Utumaut is not a ewktsya.,0,0,1
synonyms,0,"tsnga, yentsyokx, kaymauti",1,0,0,1,0,0,wongopyu,kaymauti,0,Wongopyu is a synonym of a kaymauti.,0,0,1
types,0,"äzantsyìp, hì'angrr, numtsyal",1,0,0,0,1,0,kentsyey,uniaea,0,Kentsyey is a type of a uniaea.,0,0,1
types,0,"tsrunionari, hikranvi, mucherwì",1,0,0,0,1,0,oeyktan,flawkz,0,Oeyktan is a type of a flawkz.,0,0,1
types,0,"kxumper, karyun, kalingyu",1,0,0,1,0,0,tsmunongopyu,karyun,0,Tsmunongopyu is not a type of a karyun.,0,0,1
types,0,"kxumper, fnelat, tsangep",1,0,0,0,1,0,mawnvenu,nawngtu,0,Mawnvenu is a type of a nawngtu.,0,0,1
instances,0,"hìmpxom, ngä', äzantsyìp",1,0,1,0,0,0,jumptious,äzantsyìp,0,Jumptious is not a äzantsyìp.,0,0,1
synonyms,0,"tsnguway, fwetsim, nawngtu",1,0,0,0,1,0,oeykekyunay,fwetsim,0,Oeykekyunay is not a synonym of a fwetsim.,0,0,1
instances,0,"hì'angrr, fnelem, squifflintu",1,0,0,0,1,0,weptse,hì'angrr,0,Weptse is not a hì'angrr.,0,0,1
types,0,"quogwin, kalingyu, numtsyìp",1,0,1,0,0,0,eyavena,fkxa,0,Eyavena is a type of a fkxa.,0,0,1
synonyms,0,"asqoy, numeypeyyu, nawngtu",1,0,1,0,0,0,yengsyo,asqoy,0,Yengsyo is a synonym of an asqoy.,0,0,1
types,0,"kxumper, kantxansngal, txawng",1,0,0,1,0,0,eyktanzaw,lamourly,0,Eyktanzaw is not a type of a lamourly.,0,0,1
types,0,"mucherwì, hapxayo, hikranvi",1,0,0,1,0,0,yentsyokx,fmawnol,0,Yentsyokx is a type of a fmawnol.,0,0,1
instances,0,"natthasat, wongopyu, fmong",1,0,0,1,0,0,hermeyu,wongopyu,0,Hermeyu is not a wongopyu.,0,0,1
instances,0,"kxara, pawkrr, tspangep",1,0,0,0,1,0,fkxa,numtsyìp,0,Fkxa is a numtsyìp.,0,0,1
instances,0,"kxumper, karyun, kalingyu",1,0,0,1,0,0,tsmunongopyu,txang,0,Tsmunongopyu is not a txang.,0,0,1
types,0,"yeyntu, utumaut, kalingyu",1,0,1,0,0,0,tihilu,tsrunionari,0,Tihilu is not a type of a tsrunionari.,0,0,1
instances,0,"tsmunongopyu, flawkz, kawnetuwondercrunil",1,0,0,1,0,0,äzantsyìp,ionari,0,Äzantsyìp is not an ionari.,0,0,1
types,0,"txatxkxe, pawkrr, tihilu",1,0,0,1,0,0,quogwin,kxekeng,0,Quogwin is a type of a kxekeng.,0,0,1
instances,0,"tskxen, fmawnol, hufwep",1,0,0,1,0,0,aung,txinfpìlok,0,Aung is a txinfpìlok.,0,0,1
instances,0,"kaymauti, yengsyo, hikranvi",1,0,0,0,1,0,ngä',kxumper,0,Ngä' is not a kxumper.,0,0,1
synonyms,0,"äzantan, ikrazef, reympinvul",1,0,1,0,0,0,yeyntu,eltsyon,0,Yeyntu is not a synonym of an eltsyon.,0,0,1
synonyms,0,"kxumper, tsngum, kllpxay",1,0,0,1,0,0,pewng,kxumper,0,Pewng is a synonym of a kxumper.,0,0,1
instances,0,"kawnetuwondercrunil, ikreng, kllpxang",1,0,0,0,1,0,kllpxir,kllpxang,0,Kllpxir is a kllpxang.,0,0,1
instances,0,"äzantsyìp, tsmunongopyu, txampam",1,0,0,1,0,0,kxantsang,numtsyìp,0,Kxantsang is a numtsyìp.,0,0,1
synonyms,0,"heyreltu, pewng, payo",1,0,0,0,1,0,tspangep,kllpxang,0,Tspangep is a synonym of a kllpxang.,0,0,1
synonyms,0,"äzantsyìp, eyktanzaw, zusawke",1,0,0,0,1,0,pasuksìm,ikreng,0,Pasuksìm is not a synonym of an ikreng.,0,0,1
types,0,"pamtsena, hapxay, flawkz",1,0,0,0,1,0,tsrunionari,pamtsena,0,Tsrunionari is a type of a pamtsena.,0,0,1
types,0,"txatxkxe, fmawnol, fwetsim",1,0,0,0,1,0,txansnay,liswal,0,Txansnay is not a type of a liswal.,0,0,1
instances,0,"reympinvul, liswal, kxara",1,0,0,0,1,0,numtsyìp,quogwin,0,Numtsyìp is a quogwin.,0,0,1
instances,0,"hìmpxom, hangkem, fmawnol",1,0,0,1,0,0,gloriump,gloriump,0,Gloriump is not a gloriump.,0,0,1
types,0,"tsnguway, hermeyu, ikreng",1,0,0,0,1,0,ontsyey,txang,0,Ontsyey is not a type of a txang.,0,0,1
instances,0,"hermeyu, korengsyo, numeypeyyu",1,0,0,0,1,0,waynivi,tihilu,0,Waynivi is a tihilu.,0,0,1
instances,0,"heyreltu, kllpxang, utumaut",1,0,0,0,1,0,kxekeng,kllpxang,0,Kxekeng is not a kllpxang.,0,0,1
instances,0,"epxanro'tu, yengsyo, kllpxir",1,0,1,0,0,0,lickswinkle,puktsyo,0,Lickswinkle is not a puktsyo.,0,0,1
synonyms,0,"quogwin, kalingyu, numtsyìp",1,0,0,0,1,0,eyavena,maweyawr,0,Eyavena is a synonym of a maweyawr.,0,0,1
types,0,"ionari, tstalseng, tìzingyu",1,0,0,0,1,0,zusawke,tihilat,0,Zusawke is a type of a tihilat.,0,0,1
synonyms,0,"kxumper, tsngum, kllpxay",1,0,0,1,0,0,pewng,tihilu,0,Pewng is not a synonym of a tihilu.,0,0,1
types,0,"epxanro'tu, yengsyo, kllpxir",1,0,0,0,1,0,lickswinkle,eyktanzaw,0,Lickswinkle is not a type of an eyktanzaw.,0,0,1
types,0,"mucherwì, hapxayo, hikranvi",1,0,0,0,1,0,yentsyokx,hikranvi,0,Yentsyokx is not a type of a hikranvi.,0,0,1
types,0,"hapxay, kllpxang, fmawnol",1,0,0,1,0,0,pamtil,kllpxang,0,Pamtil is not a type of a kllpxang.,0,0,1
instances,0,"squifflintu, fnelat, kawnvenzekwä",1,0,0,0,1,0,tstalseng,kawnvenzekwä,0,Tstalseng is not a kawnvenzekwä.,0,0,1
instances,0,"reympinvul, liswal, kxara",1,0,0,0,1,0,numtsyìp,maweyawr,0,Numtsyìp is a maweyawr.,0,0,1
instances,0,"ikreng, kxara, äzantan",1,0,0,1,0,0,hufwep,kxara,0,Hufwep is a kxara.,0,0,1
synonyms,0,"ontsyey, ikrazef, mucherwì",1,0,0,1,0,0,nawmpin,ontsyey,0,Nawmpin is not a synonym of an ontsyey.,0,0,1
types,0,"mawnvenu, ewktsya, fwetsim",1,0,0,0,1,0,korengsyo,ikreng,0,Korengsyo is not a type of an ikreng.,0,0,1
instances,0,"tsnga, yentsyokx, kaymauti",1,0,1,0,0,0,wongopyu,yentsyokx,0,Wongopyu is a yentsyokx.,0,0,1
synonyms,0,"hermeyu, korengsyo, numeypeyyu",1,0,0,1,0,0,waynivi,tsnguway,0,Waynivi is not a synonym of a tsnguway.,0,0,1
synonyms,0,"kalingyu, karyun, tsngap",1,0,0,1,0,0,meypeyyu,tsngap,0,Meypeyyu is a synonym of a tsngap.,0,0,1
synonyms,0,"kentsyey, eltsyon, mispichy",1,0,0,0,1,0,miktsyo,kentsyey,0,Miktsyo is a synonym of a kentsyey.,0,0,1
instances,0,"txatxkxe, epxanro'tu, ikreng",1,0,0,0,1,0,relsiyu,epxanro'tu,0,Relsiyu is not an epxanro'tu.,0,0,1
instances,0,"ionari, tihilu, gloriump",1,0,0,0,1,0,kewangyu,gloriump,0,Kewangyu is not a gloriump.,0,0,1
synonyms,0,"waynivi, txeptsena, kllpxir",1,0,0,0,1,0,nikranvi,kllpxir,0,Nikranvi is not a synonym of a kllpxir.,0,0,1
instances,0,"asqoy, utumaut, ikreng",1,0,0,0,1,0,eanfwe,asqoy,0,Eanfwe is not an asqoy.,0,0,1
synonyms,0,"apxì, bifflerotty, kxantsang",1,0,1,0,0,0,mekreng,kxantsang,0,Mekreng is a synonym of a kxantsang.,0,0,1
synonyms,0,"relsiyu, hufwep, kafiurat",1,0,0,1,0,0,hapxayo,yentsyokx,0,Hapxayo is a synonym of a yentsyokx.,0,0,1
instances,0,"tsmunongopyu, flawkz, kawnetuwondercrunil",1,0,0,1,0,0,äzantsyìp,tsmunongopyu,0,Äzantsyìp is not a tsmunongopyu.,0,0,1
types,0,"fnelat, kxeye'ung, tspangep",1,0,1,0,0,0,hìmpxom,fnelat,0,Hìmpxom is not a type of a fnelat.,0,0,1
types,0,"äzantsyìp, hì'angrr, numtsyal",1,0,0,1,0,0,kentsyey,äzantsyìp,0,Kentsyey is not a type of a äzantsyìp.,0,0,1
synonyms,0,"fnelem, uniaea, aung",1,0,0,0,1,0,dogswo,fnelem,0,Dogswo is a synonym of a fnelem.,0,0,1
synonyms,0,"zusawke, kalep, kllpxir",1,0,0,0,1,0,txinfpìlok,fmong,0,Txinfpìlok is a synonym of a fmong.,0,0,1
instances,0,"kekyu, äzantan, natthasat",1,0,0,0,1,0,tutseotu,natthasat,0,Tutseotu is a natthasat.,0,0,1
synonyms,0,"squifflintu, fnelat, kawnvenzekwä",1,0,0,0,1,0,tstalseng,squifflintu,0,Tstalseng is not a synonym of a squifflintu.,0,0,1
types,0,"tsengwal, nawmpin, tutseotu",1,0,1,0,0,0,kllpxang,hapxayo,0,Kllpxang is not a type of a hapxayo.,0,0,1
synonyms,0,"epxanro'tu, yengsyo, kllpxir",1,0,1,0,0,0,lickswinkle,korengsyo,0,Lickswinkle is not a synonym of a korengsyo.,0,0,1
synonyms,0,"miktsyo, payo, txawng",1,0,1,0,0,0,kaymauti,payo,0,Kaymauti is a synonym of a payo.,0,0,1
types,0,"pewng, äzantsyìp, apxì",1,0,0,1,0,0,tìzingyu,apxì,0,Tìzingyu is not a type of an apxì.,0,0,1
instances,0,"hermeyu, korengsyo, numeypeyyu",1,0,1,0,0,0,waynivi,numeypeyyu,0,Waynivi is a numeypeyyu.,0,0,1
instances,0,"hapxayo, tsangep, korengsyo",1,0,1,0,0,0,ionari,hì'angrr,0,Ionari is not a hì'angrr.,0,0,1
instances,0,"ontsyey, äzantsyìp, tsngap",1,0,1,0,0,0,tsngum,uniaea,0,Tsngum is not a uniaea.,0,0,1
types,0,"ikreng, kxara, äzantan",1,0,1,0,0,0,hufwep,tstxopu,0,Hufwep is not a type of a tstxopu.,0,0,1
instances,0,"kafiurat, txinfpìlok, tsngum",1,0,1,0,0,0,tstxopu,hapxay,0,Tstxopu is a hapxay.,0,0,1
types,0,"pewng, äzantsyìp, apxì",1,0,1,0,0,0,tìzingyu,oeyktan,0,Tìzingyu is a type of an oeyktan.,0,0,1
instances,0,"kxantsang, ikreng, hufwep",1,0,1,0,0,0,eltsyon,kxantsang,0,Eltsyon is not a kxantsang.,0,0,1
instances,0,"tutseotu, pewng, bifflerotty",1,0,1,0,0,0,uniaea,tutseo,0,Uniaea is not a tutseo.,0,0,1
types,0,"tsnga, yentsyokx, kaymauti",1,0,0,1,0,0,wongopyu,yentsyokx,0,Wongopyu is not a type of a yentsyokx.,0,0,1
instances,0,"tsnguway, hì'angrr, waynivi",1,0,0,1,0,0,fmawe'tu,tsangep,0,Fmawe'tu is not a tsangep.,0,0,1
instances,0,"tsengwal, nawmpin, tutseotu",1,0,0,1,0,0,kllpxang,tutseotu,0,Kllpxang is not a tutseotu.,0,0,1
synonyms,0,"kafiurat, txinfpìlok, tsngum",1,0,0,0,1,0,tstxopu,kewangyu,0,Tstxopu is not a synonym of a kewangyu.,0,0,1
synonyms,0,"fkxa, pamtsena, kafiurat",1,0,1,0,0,0,kxeye'ung,kafiurat,0,Kxeye'ung is not a synonym of a kafiurat.,0,0,1
types,0,"wongopyu, kxumper, jumpamtil",1,0,0,0,1,0,pamtsena,wongopyu,0,Pamtsena is not a type of a wongopyu.,0,0,1
synonyms,0,"hapxayo, tsangep, korengsyo",1,0,1,0,0,0,ionari,hufwep,0,Ionari is a synonym of a hufwep.,0,0,1
synonyms,0,"asqoy, jumptious, kewangyu",1,0,1,0,0,0,tsngap,kewangyu,0,Tsngap is a synonym of a kewangyu.,0,0,1
instances,0,"mucherwì, hapxayo, hikranvi",1,0,1,0,0,0,yentsyokx,katokx,0,Yentsyokx is not a katokx.,0,0,1
types,0,"txawng, fnelat, tspangep",1,0,0,0,1,0,kllpxay,tspangep,0,Kllpxay is not a type of a tspangep.,0,0,1
instances,0,"äzantan, ikrazef, reympinvul",1,0,0,0,1,0,yeyntu,hìmpxom,0,Yeyntu is a hìmpxom.,0,0,1
instances,0,"tspangep, karyun, kxump",1,0,0,0,1,0,natthasat,tspangep,0,Natthasat is a tspangep.,0,0,1
types,0,"txatxkxe, epxanro'tu, ikreng",1,0,1,0,0,0,relsiyu,txatxkxe,0,Relsiyu is a type of a txatxkxe.,0,0,1
types,0,"pamtsena, hapxay, flawkz",1,0,0,0,1,0,tsrunionari,lawkx,0,Tsrunionari is a type of a lawkx.,0,0,1
synonyms,0,"tsngum, kentsyey, kxantsang",1,0,0,0,1,0,fmawnol,hawtsyosyu,0,Fmawnol is a synonym of a hawtsyosyu.,0,0,1
synonyms,0,"fmawnol, jumpamtil, utumaut",1,0,1,0,0,0,heyreltu,asqoy,0,Heyreltu is not a synonym of an asqoy.,0,0,1
synonyms,0,"niktsawk, zusawke, kllpxir",1,0,0,0,1,0,annevalat ,zusawke,0,Annevalat  is a synonym of a zusawke.,0,0,1
instances,0,"apxì, eyktanzaw, muntxayo",1,0,1,0,0,0,awazaaj,nawngtu,0,Awazaaj is not a nawngtu.,0,0,1
instances,0,"muntxayo, jumpamtil, uniaea",1,0,1,0,0,0,katokx,jumpamtil,0,Katokx is not a jumpamtil.,0,0,1
instances,0,"txatxkxe, pawkrr, tihilu",1,0,0,0,1,0,quogwin,tstalseng,0,Quogwin is a tstalseng.,0,0,1
synonyms,0,"eyktanzaw, äzantsyìp, fmawe'tu",1,0,0,0,1,0,txatxkxe,fmawe'tu,0,Txatxkxe is not a synonym of a fmawe'tu.,0,0,1
types,0,"zusawk, karyun, eltsyey",1,0,0,1,0,0,hawtsyosyu,quogwin,0,Hawtsyosyu is not a type of a quogwin.,0,0,1
synonyms,0,"hangkem, jumptious, hìmpxom",1,0,0,0,1,0,nawngtu,jumptious,0,Nawngtu is a synonym of jumptious.,0,0,1
types,0,"txatxkxe, pawkrr, tihilu",1,0,0,0,1,0,quogwin,mucherwì,0,Quogwin is not a type of a mucherwì.,0,0,1
synonyms,0,"äzantsyìp, hì'angrr, numtsyal",1,0,0,0,1,0,kentsyey,uniaea,0,Kentsyey is a synonym of a uniaea.,0,0,1
types,0,"hìmpxom, hangkem, fmawnol",1,0,0,1,0,0,gloriump,gloriump,0,Gloriump is not a type of a gloriump.,0,0,1
synonyms,0,"pamtsena, hapxay, flawkz",1,0,0,1,0,0,tsrunionari,awazaaj,0,Tsrunionari is not a synonym of an awazaaj.,0,0,1
instances,0,"hermeyu, ikreng, maweyawr",1,0,0,0,1,0,kxump,kxekeng,0,Kxump is a kxekeng.,0,0,1
synonyms,0,"fmawe'tu, kllpxay, eltsyon",1,0,0,0,1,0,mispichy,awazaaj,0,Mispichy is not a synonym of an awazaaj.,0,0,1
synonyms,0,"epxanro'tu, yengsyo, kllpxir",1,0,0,0,1,0,lickswinkle,puktsyo,0,Lickswinkle is not a synonym of a puktsyo.,0,0,1
instances,0,"asqoy, numeypeyyu, nawngtu",1,0,0,1,0,0,yengsyo,nawngtu,0,Yengsyo is not a nawngtu.,0,0,1
synonyms,0,"paytxe'lan, txang, hawnetu",1,0,0,1,0,0,lamourly,hawnetu,0,Lamourly is not a synonym of a hawnetu.,0,0,1
types,0,"tsngap, eltsyon, tsnguway",1,0,0,1,0,0,reympinvul,kxara,0,Reympinvul is not a type of a kxara.,0,0,1
instances,0,"waynivi, tsengwal, kewangyu",1,0,1,0,0,0,kawnvenzekwä,tsengwal,0,Kawnvenzekwä is a tsengwal.,0,0,1
types,0,"kxumper, kantxansngal, txawng",1,0,0,0,1,0,eyktanzaw,muntxayo,0,Eyktanzaw is a type of a muntxayo.,0,0,1
synonyms,0,"äzantsyìp, hì'angrr, numtsyal",1,0,0,1,0,0,kentsyey,tsmunongopyu,0,Kentsyey is a synonym of a tsmunongopyu.,0,0,1
synonyms,0,"annevalat , waynivi, kllpxay",1,0,0,0,1,0,txang,hapxayo,0,Txang is not a synonym of a hapxayo.,0,0,1
types,0,"asqoy, jumptious, kewangyu",1,0,1,0,0,0,tsngap,kewangyu,0,Tsngap is a type of a kewangyu.,0,0,1
types,0,"hapxay, kllpxay, hawnetu",1,0,0,0,1,0,tsngawnol,hapxay,0,Tsngawnol is a type of a hapxay.,0,0,1
instances,0,"paytxe'lan, mekreng, payo",1,0,0,0,1,0,kxumper,payo,0,Kxumper is not a payo.,0,0,1
instances,0,"fnelem, uniaea, aung",1,0,0,0,1,0,dogswo,tsngum,0,Dogswo is not a tsngum.,0,0,1
instances,0,"kalingyu, karyun, tsngap",1,0,0,1,0,0,meypeyyu,karyun,0,Meypeyyu is a karyun.,0,0,1
types,0,"hapxay, tsrunionari, weptse",1,0,1,0,0,0,fwetsim,txansnay,0,Fwetsim is not a type of a txansnay.,0,0,1
synonyms,0,"kxara, pawkrr, tspangep",1,0,0,0,1,0,fkxa,pawkrr,0,Fkxa is not a synonym of a pawkrr.,0,0,1
instances,0,"mucherwì, hapxayo, hikranvi",1,0,0,0,1,0,yentsyokx,hikranvi,0,Yentsyokx is not a hikranvi.,0,0,1
types,0,"hapxay, kllpxang, fmawnol",1,0,0,1,0,0,pamtil,paytxe'lan,0,Pamtil is a type of a paytxe'lan.,0,0,1
synonyms,0,"hì'angrr, fnelem, squifflintu",1,0,0,0,1,0,weptse,hì'angrr,0,Weptse is a synonym of a hì'angrr.,0,0,1
types,0,"reympinvul, txang, tsnguway",1,0,0,0,1,0,äzantan,wongopyu,0,Äzantan is not a type of a wongopyu.,0,0,1
types,0,"eanfwe, liswal, numeypeyyu",1,0,1,0,0,0,maweyawr,eyktanzaw,0,Maweyawr is not a type of an eyktanzaw.,0,0,1
types,0,"hì'angrr, fnelem, squifflintu",1,0,0,0,1,0,weptse,hì'angrr,0,Weptse is not a type of a hì'angrr.,0,0,1
types,0,"puktsyo, tstalseng, vawmtu",1,0,0,1,0,0,tskxen,vawmtu,0,Tskxen is a type of a vawmtu.,0,0,1
synonyms,0,"korengsyo, kxekeng, ikreng",1,0,0,1,0,0,kekyu,ikreng,0,Kekyu is a synonym of an ikreng.,0,0,1
instances,0,"tsmunongopyu, flawkz, kawnetuwondercrunil",1,0,0,0,1,0,äzantsyìp,numeypeyyu,0,Äzantsyìp is a numeypeyyu.,0,0,1
synonyms,0,"ionari, tstalseng, tìzingyu",1,0,0,1,0,0,zusawke,tstalseng,0,Zusawke is not a synonym of a tstalseng.,0,0,1
synonyms,0,"tsmunongopyu, kxantsang, kllpxang",1,0,0,0,1,0,tsangep,eanfwe,0,Tsangep is not a synonym of an eanfwe.,0,0,1
instances,0,"asqoy, jumptious, kewangyu",1,0,1,0,0,0,tsngap,jumptious,0,Tsngap is jumptious.,0,0,1
types,0,"korengsyo, kxekeng, ikreng",1,0,0,0,1,0,kekyu,korengsyo,0,Kekyu is not a type of a korengsyo.,0,0,1
synonyms,0,"tsnguway, hermeyu, ikreng",1,0,0,1,0,0,ontsyey,kllpxir,0,Ontsyey is not a synonym of a kllpxir.,0,0,1
types,0,"bifflerotty, flawkz, jumpamtil",1,0,0,0,1,0,fmong,hapxayo,0,Fmong is a type of a hapxayo.,0,0,1
synonyms,0,"eltsyon, tskxen, tìzingyu",1,0,0,0,1,0,karyun,tskxen,0,Karyun is not a synonym of a tskxen.,0,0,1
synonyms,0,"kxara, lawkx, holpxanro'tu",1,0,0,0,1,0,epxanro'tu,tspangep,0,Epxanro'tu is a synonym of a tspangep.,0,0,1
instances,0,"kawnetuwondercrunil, ikreng, kllpxang",1,0,0,1,0,0,kllpxir,kawnetuwondercrunil,0,Kllpxir is a kawnetuwondercrunil.,0,0,1
instances,0,"nawngtu, mucherwì, flawkz",1,0,0,1,0,0,fnelem,puktsyo,0,Fnelem is a puktsyo.,0,0,1
instances,0,"fkxa, pamtsena, kafiurat",1,0,0,1,0,0,kxeye'ung,eanfwe,0,Kxeye'ung is an eanfwe.,0,0,1
synonyms,0,"numtsyìp, tsmunongopyu, pamtsena",1,0,1,0,0,0,lawkx,numtsyal,0,Lawkx is a synonym of a numtsyal.,0,0,1
synonyms,0,"tskxen, txampam, hermeyu",1,0,0,1,0,0,jumpamtil,hermeyu,0,Jumpamtil is a synonym of a hermeyu.,0,0,1
types,0,"fmawe'tu, tutseo, ewktsya",1,0,0,0,1,0,utumaut,tutseo,0,Utumaut is not a type of a tutseo.,0,0,1
instances,0,"heyreltu, numtsyal, squifflintu",1,0,0,0,1,0,payo,eyavena,0,Payo is not an eyavena.,0,0,1
instances,0,"kxara, pawkrr, tspangep",1,0,0,0,1,0,fkxa,kxara,0,Fkxa is a kxara.,0,0,1
synonyms,0,"äzantsyìp, tsmunongopyu, tstalseng",1,0,0,1,0,0,tutseo,tsmunongopyu,0,Tutseo is a synonym of a tsmunongopyu.,0,0,1
types,0,"miktsyo, payo, txawng",1,0,0,0,1,0,kaymauti,txawng,0,Kaymauti is a type of a txawng.,0,0,1
instances,0,"reympinvul, txang, tsnguway",1,0,1,0,0,0,äzantan,hermeyu,0,Äzantan is not a hermeyu.,0,0,1
synonyms,0,"kewangyu, eltsyon, ngä'",1,0,1,0,0,0,bifflerotty,kekyu,0,Bifflerotty is a synonym of a kekyu.,0,0,1
instances,0,"äzantan, ikrazef, reympinvul",1,0,0,0,1,0,yeyntu,äzantan,0,Yeyntu is a äzantan.,0,0,1
types,0,"txampam, aung, oeyktan",1,0,0,0,1,0,liswal,miktsyo,0,Liswal is not a type of a miktsyo.,0,0,1
synonyms,0,"mekreng, oeyktan, hawtsyosyu",1,0,0,1,0,0,hikranvi,zusawke,0,Hikranvi is not a synonym of a zusawke.,0,0,1
synonyms,0,"txawng, fnelat, tspangep",1,0,0,0,1,0,kllpxay,txinfpìlok,0,Kllpxay is a synonym of a txinfpìlok.,0,0,1
types,0,"hìmpxom, hangkem, fmawnol",1,0,1,0,0,0,gloriump,fmawnol,0,Gloriump is not a type of a fmawnol.,0,0,1
synonyms,0,"miktsyo, payo, txawng",1,0,0,1,0,0,kaymauti,miktsyo,0,Kaymauti is a synonym of a miktsyo.,0,0,1
types,0,"kawnvenzekwä, pasuksìm, kxump",1,0,0,0,1,0,tihilat,mucherwì,0,Tihilat is not a type of a mucherwì.,0,0,1
types,0,"fmong, nikranvi, tsngap",1,0,0,1,0,0,ewktsya,nikranvi,0,Ewktsya is not a type of a nikranvi.,0,0,1
synonyms,0,"asqoy, jumptious, kewangyu",1,0,0,1,0,0,tsngap,jumptious,0,Tsngap is a synonym of jumptious.,0,0,1
instances,0,"fmawnol, jumpamtil, utumaut",1,0,0,0,1,0,heyreltu,jumpamtil,0,Heyreltu is not a jumpamtil.,0,0,1
instances,0,"muntxayo, jumpamtil, uniaea",1,0,0,1,0,0,katokx,kllpxang,0,Katokx is a kllpxang.,0,0,1
synonyms,0,"tutseotu, ngä', natthasat",1,0,0,0,1,0,tsnga,utumaut,0,Tsnga is a synonym of a utumaut.,0,0,1
types,0,"tutseotu, pewng, bifflerotty",1,0,0,1,0,0,uniaea,bifflerotty,0,Uniaea is not a type of a bifflerotty.,0,0,1
synonyms,0,"heyreltu, kentsyey, tstxopu",1,0,1,0,0,0,puktsyo,heyreltu,0,Puktsyo is a synonym of a heyreltu.,0,0,1
types,0,"ikrazef, meypeyyu, niktsawk",1,0,1,0,0,0,txampam,niktsawk,0,Txampam is a type of a niktsawk.,0,0,1
synonyms,0,"kawnvenzekwä, pasuksìm, kxump",1,0,0,0,1,0,tihilat,kllpxir,0,Tihilat is a synonym of a kllpxir.,0,0,1
synonyms,0,"äzantan, ikrazef, reympinvul",1,0,1,0,0,0,yeyntu,ikrazef,0,Yeyntu is a synonym of an ikrazef.,0,0,1
types,0,"hìmpxom, hangkem, fmawnol",1,0,0,0,1,0,gloriump,fmawnol,0,Gloriump is a type of a fmawnol.,0,0,1
types,0,"fmawe'tu, tutseo, ewktsya",1,0,0,0,1,0,utumaut,tìzingyu,0,Utumaut is not a type of a tìzingyu.,0,0,1
types,0,"numtsyìp, tsmunongopyu, pamtsena",1,0,0,1,0,0,lawkx,tsmunongopyu,0,Lawkx is a type of a tsmunongopyu.,0,0,1
instances,0,"äzantsyìp, hì'angrr, numtsyal",1,0,0,0,1,0,kentsyey,gloriump,0,Kentsyey is not a gloriump.,0,0,1
instances,0,"äzantan, ikrazef, reympinvul",1,0,0,0,1,0,yeyntu,ikrazef,0,Yeyntu is not an ikrazef.,0,0,1
instances,0,"kxumper, fnelat, tsangep",1,0,1,0,0,0,mawnvenu,nawmpin,0,Mawnvenu is not a nawmpin.,0,0,1
types,0,"tsnga, yentsyokx, kaymauti",1,0,0,1,0,0,wongopyu,tsnga,0,Wongopyu is not a type of a tsnga.,0,0,1
types,0,"ionari, tihilu, gloriump",1,0,1,0,0,0,kewangyu,pawkrr,0,Kewangyu is a type of a pawkrr.,0,0,1
types,0,"zusawk, karyun, eltsyey",1,0,1,0,0,0,hawtsyosyu,niktsawk,0,Hawtsyosyu is not a type of a niktsawk.,0,0,1
instances,0,"ionari, tstalseng, tìzingyu",1,0,0,1,0,0,zusawke,ionari,0,Zusawke is not an ionari.,0,0,1
synonyms,0,"heyreltu, kllpxang, utumaut",1,0,0,0,1,0,kxekeng,kawnetuwondercrunil,0,Kxekeng is a synonym of a kawnetuwondercrunil.,0,0,1
instances,0,"äzantsyìp, hì'angrr, numtsyal",1,0,0,0,1,0,kentsyey,hì'angrr,0,Kentsyey is not a hì'angrr.,0,0,1
types,0,"heyreltu, pewng, payo",1,0,0,0,1,0,tspangep,pewng,0,Tspangep is a type of a pewng.,0,0,1
synonyms,0,"hawtsyosyu, wongopyu, ikrazef",1,0,1,0,0,0,kafiurat,wongopyu,0,Kafiurat is a synonym of a wongopyu.,0,0,1
instances,0,"natthasat, wongopyu, fmong",1,0,1,0,0,0,hermeyu,natthasat,0,Hermeyu is not a natthasat.,0,0,1
synonyms,0,"tsnga, yentsyokx, kaymauti",1,0,0,0,1,0,wongopyu,mekreng,0,Wongopyu is not a synonym of a mekreng.,0,0,1
types,0,"kxumper, fnelat, tsangep",1,0,0,0,1,0,mawnvenu,puktsyo,0,Mawnvenu is not a type of a puktsyo.,0,0,1
instances,0,"heyreltu, numtsyal, squifflintu",1,0,1,0,0,0,payo,heyreltu,0,Payo is not a heyreltu.,0,0,1
instances,0,"eltsyon, tskxen, tìzingyu",1,0,0,0,1,0,karyun,tìzingyu,0,Karyun is a tìzingyu.,0,0,1
synonyms,0,"bifflerotty, flawkz, jumpamtil",1,0,0,0,1,0,fmong,bifflerotty,0,Fmong is a synonym of a bifflerotty.,0,0,1
instances,0,"ontsyey, ikrazef, mucherwì",1,0,0,0,1,0,nawmpin,mucherwì,0,Nawmpin is a mucherwì.,0,0,1
types,0,"miktsyo, payo, txawng",1,0,1,0,0,0,kaymauti,tihilu,0,Kaymauti is a type of a tihilu.,0,0,1
synonyms,0,"eyavena, ngä', tihilat",1,0,1,0,0,0,zusawk,tihilat,0,Zusawk is a synonym of a tihilat.,0,0,1
synonyms,0,"ontsyey, ikrazef, mucherwì",1,0,0,0,1,0,nawmpin,holpxanro'tu,0,Nawmpin is not a synonym of a holpxanro'tu.,0,0,1
types,0,"tstxopu, txawng, txinfpìlok",1,0,0,0,1,0,tsengwal,tstxopu,0,Tsengwal is not a type of a tstxopu.,0,0,1
synonyms,0,"kxara, lawkx, holpxanro'tu",1,0,0,0,1,0,epxanro'tu,holpxanro'tu,0,Epxanro'tu is a synonym of a holpxanro'tu.,0,0,1
types,0,"flawkz, hufwep, hì'angrr",1,0,0,0,1,0,numeypeyyu,hì'angrr,0,Numeypeyyu is not a type of a hì'angrr.,0,0,1
instances,0,"hawtsyosyu, nikranvi, pawkrr",1,0,0,0,1,0,ikreng,nikranvi,0,Ikreng is a nikranvi.,0,0,1
synonyms,0,"reympinvul, txang, tsnguway",1,0,1,0,0,0,äzantan,kxekeng,0,Äzantan is a synonym of a kxekeng.,0,0,1
synonyms,0,"tstxopu, txawng, txinfpìlok",1,0,0,0,1,0,tsengwal,txawng,0,Tsengwal is not a synonym of a txawng.,0,0,1
synonyms,0,"kxumper, fnelat, tsangep",1,0,0,1,0,0,mawnvenu,nawngtu,0,Mawnvenu is a synonym of a nawngtu.,0,0,1
instances,0,"tsrunionari, hikranvi, mucherwì",1,0,0,0,1,0,oeyktan,kewangyu,0,Oeyktan is a kewangyu.,0,0,1
synonyms,0,"reympinvul, txang, tsnguway",1,0,0,0,1,0,äzantan,hermeyu,0,Äzantan is not a synonym of a hermeyu.,0,0,1
types,0,"asqoy, utumaut, ikreng",1,0,1,0,0,0,eanfwe,ikreng,0,Eanfwe is a type of an ikreng.,0,0,1
instances,0,"tskxen, txampam, hermeyu",1,0,1,0,0,0,jumpamtil,weptse,0,Jumpamtil is a weptse.,0,0,1
instances,0,"eltsyon, tskxen, tìzingyu",1,0,0,0,1,0,karyun,annevalat ,0,Karyun is not an annevalat .,0,0,1
types,0,"tìzingyu, katokx, lawkx",1,0,0,0,1,0,kawnetuwondercrunil,lawkx,0,Kawnetuwondercrunil is a type of a lawkx.,0,0,1
instances,0,"pamtil, fmong, txansnay",1,0,0,0,1,0,txawng,fmong,0,Txawng is not a fmong.,0,0,1
synonyms,0,"kaymauti, yengsyo, hikranvi",1,0,0,1,0,0,ngä',hikranvi,0,Ngä' is a synonym of a hikranvi.,0,0,1
types,0,"fwetsim, hapxayo, asqoy",1,0,0,1,0,0,hì'angrr,hapxayo,0,Hì'angrr is a type of a hapxayo.,0,0,1
types,0,"zusawk, karyun, eltsyey",1,0,0,0,1,0,hawtsyosyu,zusawk,0,Hawtsyosyu is not a type of a zusawk.,0,0,1
synonyms,0,"kaymauti, yengsyo, hikranvi",1,0,0,0,1,0,ngä',squifflintu,0,Ngä' is not a synonym of a squifflintu.,0,0,1
types,0,"ewktsya, tìzingyu, heyreltu",1,0,0,1,0,0,mucherwì,hapxay,0,Mucherwì is not a type of a hapxay.,0,0,1
instances,0,"hapxay, kllpxang, fmawnol",1,0,0,1,0,0,pamtil,kllpxang,0,Pamtil is not a kllpxang.,0,0,1
types,0,"hapxay, tsrunionari, weptse",1,0,0,0,1,0,fwetsim,nawngtu,0,Fwetsim is a type of a nawngtu.,0,0,1
types,0,"zusawk, hì'angrr, maweyawr",1,0,0,1,0,0,txeptsena,maweyawr,0,Txeptsena is a type of a maweyawr.,0,0,1
instances,0,"kafiurat, txinfpìlok, tsngum",1,0,0,0,1,0,tstxopu,kafiurat,0,Tstxopu is a kafiurat.,0,0,1
instances,0,"katokx, quogwin, äzantsyìp",1,0,0,0,1,0,asqoy,hikranvi,0,Asqoy is a hikranvi.,0,0,1
synonyms,0,"txawng, fnelat, tspangep",1,0,1,0,0,0,kllpxay,tspangep,0,Kllpxay is a synonym of a tspangep.,0,0,1
types,0,"tsengwal, nawmpin, tutseotu",1,0,1,0,0,0,kllpxang,nawmpin,0,Kllpxang is a type of a nawmpin.,0,0,1
types,0,"heyreltu, kentsyey, tstxopu",1,0,0,0,1,0,puktsyo,kentsyey,0,Puktsyo is not a type of a kentsyey.,0,0,1
synonyms,0,"hermeyu, korengsyo, numeypeyyu",1,0,0,1,0,0,waynivi,korengsyo,0,Waynivi is not a synonym of a korengsyo.,0,0,1
synonyms,0,"korengsyo, kxekeng, ikreng",1,0,1,0,0,0,kekyu,korengsyo,0,Kekyu is not a synonym of a korengsyo.,0,0,1
instances,0,"zusawk, karyun, eltsyey",1,0,1,0,0,0,hawtsyosyu,quogwin,0,Hawtsyosyu is not a quogwin.,0,0,1
synonyms,0,"kxumper, tsngum, kllpxay",1,0,0,1,0,0,pewng,kllpxay,0,Pewng is a synonym of a kllpxay.,0,0,1
types,0,"puktsyo, tstalseng, vawmtu",1,0,0,0,1,0,tskxen,txawng,0,Tskxen is a type of a txawng.,0,0,1
instances,0,"nawngtu, mucherwì, flawkz",1,0,0,1,0,0,fnelem,nawngtu,0,Fnelem is not a nawngtu.,0,0,1
instances,0,"fmong, nikranvi, tsngap",1,0,1,0,0,0,ewktsya,nikranvi,0,Ewktsya is not a nikranvi.,0,0,1
synonyms,0,"miktsyo, payo, txawng",1,0,0,0,1,0,kaymauti,asqoy,0,Kaymauti is a synonym of an asqoy.,0,0,1
instances,0,"reympinvul, txang, tsnguway",1,0,0,0,1,0,äzantan,kxekeng,0,Äzantan is a kxekeng.,0,0,1
instances,0,"muntxayo, jumpamtil, uniaea",1,0,0,0,1,0,katokx,epxanro'tu,0,Katokx is not an epxanro'tu.,0,0,1
instances,0,"apxì, eyktanzaw, muntxayo",1,0,0,0,1,0,awazaaj,kxekeng,0,Awazaaj is a kxekeng.,0,0,1
types,0,"flawkz, hufwep, hì'angrr",1,0,0,0,1,0,numeypeyyu,ontsyey,0,Numeypeyyu is not a type of an ontsyey.,0,0,1
synonyms,0,"epxanro'tu, yengsyo, kllpxir",1,0,0,1,0,0,lickswinkle,hangkem,0,Lickswinkle is a synonym of a hangkem.,0,0,1
instances,0,"kxumper, kantxansngal, txawng",1,0,0,1,0,0,eyktanzaw,eyktanzaw,0,Eyktanzaw is an eyktanzaw.,0,0,1
instances,0,"äzantsyìp, hì'angrr, numtsyal",1,0,1,0,0,0,kentsyey,äzantsyìp,0,Kentsyey is a äzantsyìp.,0,0,1
types,0,"katokx, quogwin, äzantsyìp",1,0,0,1,0,0,asqoy,katokx,0,Asqoy is a type of a katokx.,0,0,1
types,0,"fnelat, kxeye'ung, tspangep",1,0,0,1,0,0,hìmpxom,fnelat,0,Hìmpxom is a type of a fnelat.,0,0,1
types,0,"fwetsim, hapxayo, asqoy",1,0,1,0,0,0,hì'angrr,muntxayo,0,Hì'angrr is not a type of a muntxayo.,0,0,1
instances,0,"bifflerotty, flawkz, jumpamtil",1,0,0,0,1,0,fmong,jumpamtil,0,Fmong is not a jumpamtil.,0,0,1
instances,0,"mawnvenu, ewktsya, fwetsim",1,0,0,1,0,0,korengsyo,miktsyo,0,Korengsyo is a miktsyo.,0,0,1
types,0,"zusawk, hì'angrr, maweyawr",1,0,0,0,1,0,txeptsena,kalep,0,Txeptsena is not a type of a kalep.,0,0,1
synonyms,0,"paytxe'lan, mekreng, payo",1,0,1,0,0,0,kxumper,kxeye'ung,0,Kxumper is a synonym of a kxeye'ung.,0,0,1
instances,0,"eyavena, ngä', tihilat",1,0,1,0,0,0,zusawk,txawng,0,Zusawk is a txawng.,0,0,1
types,0,"ontsyey, tutseotu, lamourly",1,0,0,0,1,0,hawnetu,ikreng,0,Hawnetu is not a type of an ikreng.,0,0,1
instances,0,"pamtil, fmong, txansnay",1,0,0,0,1,0,txawng,kxeye'ung,0,Txawng is not a kxeye'ung.,0,0,1
instances,0,"miktsyo, payo, txawng",1,0,0,1,0,0,kaymauti,miktsyo,0,Kaymauti is a miktsyo.,0,0,1
synonyms,0,"heyreltu, kentsyey, tstxopu",1,0,0,0,1,0,puktsyo,ngä',0,Puktsyo is a synonym of a ngä'.,0,0,1
instances,0,"mucherwì, hapxayo, hikranvi",1,0,0,0,1,0,yentsyokx,hapxayo,0,Yentsyokx is not a hapxayo.,0,0,1
synonyms,0,"zusawk, hì'angrr, maweyawr",1,0,0,0,1,0,txeptsena,numtsyìp,0,Txeptsena is a synonym of a numtsyìp.,0,0,1
types,0,"yeyntu, utumaut, kalingyu",1,0,0,0,1,0,tihilu,mawnvenu,0,Tihilu is a type of a mawnvenu.,0,0,1
types,0,"karyun, kafiurat, tsnguway",1,0,0,1,0,0,hapxay,tsnguway,0,Hapxay is not a type of a tsnguway.,0,0,1
instances,0,"wongopyu, txinfpìlok, kalingyu",1,0,1,0,0,0,hangkem,tutseotu,0,Hangkem is a tutseotu.,0,0,1
instances,0,"fmawnol, hapxayo, tihilu",1,0,1,0,0,0,ikrazef,tutseo,0,Ikrazef is not a tutseo.,0,0,1
synonyms,0,"fmong, nikranvi, tsngap",1,0,0,1,0,0,ewktsya,kantxansngal,0,Ewktsya is not a synonym of a kantxansngal.,0,0,1
types,0,"kekyu, äzantan, natthasat",1,0,1,0,0,0,tutseotu,kllpxay,0,Tutseotu is a type of a kllpxay.,0,0,1
types,0,"fmawnol, hapxayo, tihilu",1,0,0,0,1,0,ikrazef,tutseo,0,Ikrazef is not a type of a tutseo.,0,0,1
types,0,"relsiyu, hufwep, kafiurat",1,0,1,0,0,0,hapxayo,yentsyokx,0,Hapxayo is a type of a yentsyokx.,0,0,1
synonyms,0,"korengsyo, kxekeng, ikreng",1,0,0,1,0,0,kekyu,katokx,0,Kekyu is a synonym of a katokx.,0,0,1
synonyms,0,"wongopyu, kxumper, jumpamtil",1,0,0,1,0,0,pamtsena,wongopyu,0,Pamtsena is not a synonym of a wongopyu.,0,0,1
synonyms,0,"hangkem, jumptious, hìmpxom",1,0,0,0,1,0,nawngtu,mucherwì,0,Nawngtu is a synonym of a mucherwì.,0,0,1
synonyms,0,"äzantsyìp, hì'angrr, numtsyal",1,0,0,1,0,0,kentsyey,gloriump,0,Kentsyey is not a synonym of a gloriump.,0,0,1
instances,0,"niktsawk, zusawke, kllpxir",1,0,0,1,0,0,annevalat ,zusawke,0,Annevalat  is a zusawke.,0,0,1
instances,0,"hermeyu, ikreng, maweyawr",1,0,0,0,1,0,kxump,ikreng,0,Kxump is an ikreng.,0,0,1
instances,0,"tutseotu, pewng, bifflerotty",1,0,1,0,0,0,uniaea,weptse,0,Uniaea is not a weptse.,0,0,1
instances,0,"kxara, lawkx, holpxanro'tu",1,0,0,0,1,0,epxanro'tu,holpxanro'tu,0,Epxanro'tu is not a holpxanro'tu.,0,0,1
types,0,"ontsyey, ikrazef, mucherwì",1,0,0,1,0,0,nawmpin,mucherwì,0,Nawmpin is a type of a mucherwì.,0,0,1
synonyms,0,"äzantsyìp, tsmunongopyu, tstalseng",1,0,0,0,1,0,tutseo,äzantsyìp,0,Tutseo is not a synonym of a äzantsyìp.,0,0,1
types,0,"ontsyey, ikrazef, mucherwì",1,0,0,0,1,0,nawmpin,ontsyey,0,Nawmpin is not a type of an ontsyey.,0,0,1
instances,0,"äzantsyìp, eyktanzaw, zusawke",1,0,0,0,1,0,pasuksìm,kllpxay,0,Pasuksìm is not a kllpxay.,0,0,1
types,0,"tutseotu, ngä', natthasat",1,0,0,1,0,0,tsnga,ngä',0,Tsnga is not a type of a ngä'.,0,0,1
types,0,"pamtsena, hapxay, flawkz",1,0,0,0,1,0,tsrunionari,awazaaj,0,Tsrunionari is not a type of an awazaaj.,0,0,1
instances,0,"hìmpxom, ngä', äzantsyìp",1,0,1,0,0,0,jumptious,oeyktan,0,Jumptious is not an oeyktan.,0,0,1
instances,0,"hapxay, tsrunionari, weptse",1,0,0,0,1,0,fwetsim,muntxayo,0,Fwetsim is not a muntxayo.,0,0,1
types,0,"äzantsyìp, hì'angrr, numtsyal",1,0,0,0,1,0,kentsyey,äzantsyìp,0,Kentsyey is a type of a äzantsyìp.,0,0,1
synonyms,0,"hermeyu, korengsyo, numeypeyyu",1,0,0,0,1,0,waynivi,numeypeyyu,0,Waynivi is not a synonym of a numeypeyyu.,0,0,1
types,0,"kxumper, tsngum, kllpxay",1,0,0,0,1,0,pewng,kxara,0,Pewng is not a type of a kxara.,0,0,1
instances,0,"txatxkxe, fmawnol, fwetsim",1,0,0,0,1,0,txansnay,fwetsim,0,Txansnay is a fwetsim.,0,0,1
instances,0,"eanfwe, liswal, numeypeyyu",1,0,0,1,0,0,maweyawr,numeypeyyu,0,Maweyawr is not a numeypeyyu.,0,0,1
types,0,"quogwin, kalingyu, numtsyìp",1,0,0,1,0,0,eyavena,kalingyu,0,Eyavena is a type of a kalingyu.,0,0,1
types,0,"txawng, fnelat, tspangep",1,0,0,0,1,0,kllpxay,txinfpìlok,0,Kllpxay is a type of a txinfpìlok.,0,0,1
synonyms,0,"ionari, tihilu, gloriump",1,0,0,0,1,0,kewangyu,ewktsya,0,Kewangyu is not a synonym of a ewktsya.,0,0,1
synonyms,0,"epxanro'tu, yengsyo, kllpxir",1,0,0,0,1,0,lickswinkle,yengsyo,0,Lickswinkle is not a synonym of a yengsyo.,0,0,1
synonyms,0,"hangkem, jumptious, hìmpxom",1,0,1,0,0,0,nawngtu,hangkem,0,Nawngtu is not a synonym of a hangkem.,0,0,1
synonyms,0,"natthasat, wongopyu, fmong",1,0,1,0,0,0,hermeyu,wongopyu,0,Hermeyu is not a synonym of a wongopyu.,0,0,1
synonyms,0,"hangkem, jumptious, hìmpxom",1,0,0,0,1,0,nawngtu,kxantsang,0,Nawngtu is not a synonym of a kxantsang.,0,0,1
instances,0,"heyreltu, kllpxang, utumaut",1,0,0,0,1,0,kxekeng,fwetsim,0,Kxekeng is a fwetsim.,0,0,1
instances,0,"hapxayo, tsangep, korengsyo",1,0,0,1,0,0,ionari,korengsyo,0,Ionari is a korengsyo.,0,0,1
synonyms,0,"relsiyu, hufwep, kafiurat",1,0,0,0,1,0,hapxayo,lawkx,0,Hapxayo is a synonym of a lawkx.,0,0,1
instances,0,"jumpamtil, eyavena, hermeyu",1,0,0,1,0,0,kantxansngal,pawkrr,0,Kantxansngal is a pawkrr.,0,0,1
instances,0,"korengsyo, kxekeng, ikreng",1,0,0,0,1,0,kekyu,ikreng,0,Kekyu is an ikreng.,0,0,1
instances,0,"tsmunongopyu, tutseotu, awazaaj",1,0,1,0,0,0,flawkz,squifflintu,0,Flawkz is a squifflintu.,0,0,1
instances,0,"txawng, fnelat, tspangep",1,0,1,0,0,0,kllpxay,fnelat,0,Kllpxay is not a fnelat.,0,0,1
synonyms,0,"hawtsyosyu, wongopyu, ikrazef",1,0,1,0,0,0,kafiurat,wongopyu,0,Kafiurat is not a synonym of a wongopyu.,0,0,1
instances,0,"miktsyo, mispichy, reympinvul",1,0,1,0,0,0,holpxanro'tu,kxeye'ung,0,Holpxanro'tu is not a kxeye'ung.,0,0,1
synonyms,0,"apxì, eyktanzaw, muntxayo",1,0,0,0,1,0,awazaaj,tstxopu,0,Awazaaj is a synonym of a tstxopu.,0,0,1
types,0,"hapxayo, tsangep, korengsyo",1,0,1,0,0,0,ionari,hì'angrr,0,Ionari is not a type of a hì'angrr.,0,0,1
instances,0,"heyreltu, pewng, payo",1,0,0,0,1,0,tspangep,payo,0,Tspangep is not a payo.,0,0,1
instances,0,"lawkx, annevalat , waynivi",1,0,1,0,0,0,fnelat,fnelem,0,Fnelat is not a fnelem.,0,0,1
synonyms,0,"bifflerotty, flawkz, jumpamtil",1,0,0,0,1,0,fmong,mekreng,0,Fmong is not a synonym of a mekreng.,0,0,1
types,0,"annevalat , waynivi, kllpxay",1,0,0,1,0,0,txang,kllpxay,0,Txang is a type of a kllpxay.,0,0,1
instances,0,"ontsyey, ikrazef, mucherwì",1,0,0,0,1,0,nawmpin,ontsyey,0,Nawmpin is not an ontsyey.,0,0,1
synonyms,0,"uniaea, muntxayo, kantxansngal",1,0,0,0,1,0,kxara,kantxansngal,0,Kxara is not a synonym of a kantxansngal.,0,0,1
types,0,"heyreltu, pewng, payo",1,0,0,0,1,0,tspangep,payo,0,Tspangep is not a type of a payo.,0,0,1
instances,0,"fmawe'tu, tutseo, ewktsya",1,0,0,0,1,0,utumaut,ewktsya,0,Utumaut is a ewktsya.,0,0,1
synonyms,0,"flawkz, hufwep, hì'angrr",1,0,0,0,1,0,numeypeyyu,hufwep,0,Numeypeyyu is a synonym of a hufwep.,0,0,1
instances,0,"kxumper, fnelat, tsangep",1,0,0,0,1,0,mawnvenu,fnelat,0,Mawnvenu is not a fnelat.,0,0,1
synonyms,0,"pamtsena, hapxay, flawkz",1,0,0,0,1,0,tsrunionari,pamtsena,0,Tsrunionari is a synonym of a pamtsena.,0,0,1
instances,0,"zusawk, hì'angrr, maweyawr",1,0,0,1,0,0,txeptsena,maweyawr,0,Txeptsena is a maweyawr.,0,0,1
instances,0,"kxumper, tsngum, kllpxay",1,0,1,0,0,0,pewng,tsngum,0,Pewng is a tsngum.,0,0,1
instances,0,"äzantan, ikrazef, reympinvul",1,0,0,0,1,0,yeyntu,ikrazef,0,Yeyntu is an ikrazef.,0,0,1
instances,0,"tutseotu, ngä', natthasat",1,0,1,0,0,0,tsnga,ngä',0,Tsnga is not a ngä'.,0,0,1
types,0,"kaymauti, yengsyo, hikranvi",1,0,1,0,0,0,ngä',kaymauti,0,Ngä' is not a type of a kaymauti.,0,0,1
synonyms,0,"pewng, äzantsyìp, apxì",1,0,0,0,1,0,tìzingyu,puktsyo,0,Tìzingyu is a synonym of a puktsyo.,0,0,1
instances,0,"kxantsang, ewktsya, tsengwal",1,0,0,0,1,0,eampayfya,fmawe'tu,0,Eampayfya is not a fmawe'tu.,0,0,1
instances,0,"hermeyu, korengsyo, numeypeyyu",1,0,0,0,1,0,waynivi,tsnguway,0,Waynivi is not a tsnguway.,0,0,1
types,0,"heyreltu, kentsyey, tstxopu",1,0,0,0,1,0,puktsyo,fmawnol,0,Puktsyo is not a type of a fmawnol.,0,0,1
types,0,"tskxen, fmawnol, hufwep",1,0,0,0,1,0,aung,gloriump,0,Aung is not a type of a gloriump.,0,0,1
types,0,"txatxkxe, epxanro'tu, ikreng",1,0,0,0,1,0,relsiyu,ngä',0,Relsiyu is not a type of a ngä'.,0,0,1
types,0,"tskxen, txampam, hermeyu",1,0,0,0,1,0,jumpamtil,hermeyu,0,Jumpamtil is a type of a hermeyu.,0,0,1
instances,0,"wongopyu, kxumper, jumpamtil",1,0,0,0,1,0,pamtsena,wongopyu,0,Pamtsena is a wongopyu.,0,0,1
types,0,"annevalat , waynivi, kllpxay",1,0,0,0,1,0,txang,annevalat ,0,Txang is a type of an annevalat .,0,0,1
types,0,"äzantan, ikrazef, reympinvul",1,0,0,0,1,0,yeyntu,weptse,0,Yeyntu is not a type of a weptse.,0,0,1
types,0,"tutseo, eltsyey, vawmtu",1,0,0,1,0,0,squifflintu,jumptious,0,Squifflintu is not a type of jumptious.,0,0,1
types,0,"tsnguway, hì'angrr, waynivi",1,0,0,0,1,0,fmawe'tu,äzantsyìp,0,Fmawe'tu is not a type of a äzantsyìp.,0,0,1
synonyms,0,"mawnvenu, ewktsya, fwetsim",1,0,0,0,1,0,korengsyo,numeypeyyu,0,Korengsyo is not a synonym of a numeypeyyu.,0,0,1
instances,0,"fmong, tspangep, kllpxang",1,0,1,0,0,0,apxì,tskxen,0,Apxì is a tskxen.,0,0,1
synonyms,0,"wongopyu, txinfpìlok, kalingyu",1,0,1,0,0,0,hangkem,wongopyu,0,Hangkem is not a synonym of a wongopyu.,0,0,1
types,0,"hermeyu, korengsyo, numeypeyyu",1,0,0,1,0,0,waynivi,korengsyo,0,Waynivi is a type of a korengsyo.,0,0,1
types,0,"äzantsyìp, tsmunongopyu, tstalseng",1,0,1,0,0,0,tutseo,tsmunongopyu,0,Tutseo is a type of a tsmunongopyu.,0,0,1
synonyms,0,"hapxay, kllpxay, hawnetu",1,0,0,0,1,0,tsngawnol,wongopyu,0,Tsngawnol is a synonym of a wongopyu.,0,0,1
types,0,"kxumper, fnelat, tsangep",1,0,0,1,0,0,mawnvenu,tsangep,0,Mawnvenu is not a type of a tsangep.,0,0,1
types,0,"wongopyu, txinfpìlok, kalingyu",1,0,1,0,0,0,hangkem,tutseotu,0,Hangkem is a type of a tutseotu.,0,0,1
synonyms,0,"relsiyu, hufwep, kafiurat",1,0,0,0,1,0,hapxayo,paytxe'lan,0,Hapxayo is not a synonym of a paytxe'lan.,0,0,1
instances,0,"puktsyo, tstalseng, vawmtu",1,0,1,0,0,0,tskxen,txawng,0,Tskxen is a txawng.,0,0,1
types,0,"tskxen, fmawnol, hufwep",1,0,0,0,1,0,aung,txinfpìlok,0,Aung is a type of a txinfpìlok.,0,0,1
instances,0,"miktsyo, mispichy, reympinvul",1,0,1,0,0,0,holpxanro'tu,mispichy,0,Holpxanro'tu is not a mispichy.,0,0,1
types,0,"hawtsyosyu, wongopyu, ikrazef",1,0,0,1,0,0,kafiurat,hawtsyosyu,0,Kafiurat is not a type of a hawtsyosyu.,0,0,1
instances,0,"ontsyey, äzantsyìp, tsngap",1,0,0,1,0,0,tsngum,tsngap,0,Tsngum is not a tsngap.,0,0,1
synonyms,0,"äzantan, ikrazef, reympinvul",1,0,0,1,0,0,yeyntu,numeypeyyu,0,Yeyntu is not a synonym of a numeypeyyu.,0,0,1
types,0,"hawtsyosyu, nikranvi, pawkrr",1,0,0,1,0,0,ikreng,nikranvi,0,Ikreng is a type of a nikranvi.,0,0,1
synonyms,0,"hapxay, kllpxay, hawnetu",1,0,0,0,1,0,tsngawnol,hapxay,0,Tsngawnol is a synonym of a hapxay.,0,0,1
instances,0,"äzantan, ikrazef, reympinvul",1,0,0,1,0,0,yeyntu,eltsyon,0,Yeyntu is not an eltsyon.,0,0,1
types,0,"fnelem, uniaea, aung",1,0,1,0,0,0,dogswo,fnelem,0,Dogswo is a type of a fnelem.,0,0,1
synonyms,0,"fwetsim, hapxayo, asqoy",1,0,1,0,0,0,hì'angrr,muntxayo,0,Hì'angrr is not a synonym of a muntxayo.,0,0,1
instances,0,"zusawk, karyun, eltsyey",1,0,0,0,1,0,hawtsyosyu,tspangep,0,Hawtsyosyu is a tspangep.,0,0,1
instances,0,"tìzingyu, katokx, lawkx",1,0,0,0,1,0,kawnetuwondercrunil,tìzingyu,0,Kawnetuwondercrunil is a tìzingyu.,0,0,1
instances,0,"katokx, quogwin, äzantsyìp",1,0,0,0,1,0,asqoy,katokx,0,Asqoy is a katokx.,0,0,1
instances,0,"hermeyu, korengsyo, numeypeyyu",1,0,0,1,0,0,waynivi,korengsyo,0,Waynivi is a korengsyo.,0,0,1
synonyms,0,"tsnguway, fwetsim, nawngtu",1,0,0,0,1,0,oeykekyunay,nawngtu,0,Oeykekyunay is not a synonym of a nawngtu.,0,0,1
synonyms,0,"tskxen, txampam, hermeyu",1,0,0,1,0,0,jumpamtil,weptse,0,Jumpamtil is a synonym of a weptse.,0,0,1
synonyms,0,"miktsyo, payo, txawng",1,0,1,0,0,0,kaymauti,tihilu,0,Kaymauti is a synonym of a tihilu.,0,0,1
synonyms,0,"zusawke, txinfpìlok, hangkem",1,0,0,0,1,0,tsnguway,zusawke,0,Tsnguway is a synonym of a zusawke.,0,0,1
instances,0,"yeyntu, utumaut, kalingyu",1,0,1,0,0,0,tihilu,utumaut,0,Tihilu is not a utumaut.,0,0,1
types,0,"paytxe'lan, txang, hawnetu",1,0,0,0,1,0,lamourly,pewng,0,Lamourly is a type of a pewng.,0,0,1
types,0,"eltsyon, tskxen, tìzingyu",1,0,0,1,0,0,karyun,annevalat ,0,Karyun is a type of an annevalat .,0,0,1
instances,0,"numtsyìp, tsmunongopyu, pamtsena",1,0,0,0,1,0,lawkx,numtsyal,0,Lawkx is a numtsyal.,0,0,1
synonyms,0,"natthasat, wongopyu, fmong",1,0,1,0,0,0,hermeyu,fmong,0,Hermeyu is not a synonym of a fmong.,0,0,1
types,0,"tsnga, yentsyokx, kaymauti",1,0,0,0,1,0,wongopyu,yentsyokx,0,Wongopyu is a type of a yentsyokx.,0,0,1
synonyms,0,"wongopyu, kxumper, jumpamtil",1,0,0,0,1,0,pamtsena,nawmpin,0,Pamtsena is not a synonym of a nawmpin.,0,0,1
types,0,"kawnetuwondercrunil, ikreng, kllpxang",1,0,0,0,1,0,kllpxir,kllpxang,0,Kllpxir is a type of a kllpxang.,0,0,1
instances,0,"tutseotu, ngä', natthasat",1,0,0,1,0,0,tsnga,tutseotu,0,Tsnga is a tutseotu.,0,0,1
synonyms,0,"hapxay, kllpxay, hawnetu",1,0,0,0,1,0,tsngawnol,kllpxay,0,Tsngawnol is a synonym of a kllpxay.,0,0,1
synonyms,0,"hapxay, kllpxang, fmawnol",1,0,0,1,0,0,pamtil,hapxay,0,Pamtil is a synonym of a hapxay.,0,0,1
types,0,"txawng, fnelat, tspangep",1,0,0,0,1,0,kllpxay,gloriump,0,Kllpxay is a type of a gloriump.,0,0,1
instances,0,"reympinvul, txang, tsnguway",1,0,0,0,1,0,äzantan,pawkrr,0,Äzantan is a pawkrr.,0,0,1
types,0,"ionari, tihilu, gloriump",1,0,0,0,1,0,kewangyu,gloriump,0,Kewangyu is not a type of a gloriump.,0,0,1
types,0,"hermeyu, ikreng, maweyawr",1,0,1,0,0,0,kxump,zusawke,0,Kxump is a type of a zusawke.,0,0,1
synonyms,0,"äzantan, ikrazef, reympinvul",1,0,0,0,1,0,yeyntu,reympinvul,0,Yeyntu is a synonym of a reympinvul.,0,0,1
synonyms,0,"txatxkxe, pawkrr, tihilu",1,0,0,0,1,0,quogwin,kxekeng,0,Quogwin is a synonym of a kxekeng.,0,0,1
synonyms,0,"tsnga, yentsyokx, kaymauti",1,0,0,0,1,0,wongopyu,tsnga,0,Wongopyu is not a synonym of a tsnga.,0,0,1
synonyms,0,"epxanro'tu, yengsyo, kllpxir",1,0,0,0,1,0,lickswinkle,eyktanzaw,0,Lickswinkle is not a synonym of an eyktanzaw.,0,0,1
types,0,"hìmpxom, hangkem, fmawnol",1,0,0,1,0,0,gloriump,hangkem,0,Gloriump is not a type of a hangkem.,0,0,1
synonyms,0,"hì'angrr, fnelem, squifflintu",1,0,0,0,1,0,weptse,squifflintu,0,Weptse is not a synonym of a squifflintu.,0,0,1
types,0,"zusawk, hì'angrr, maweyawr",1,0,1,0,0,0,txeptsena,numtsyìp,0,Txeptsena is a type of a numtsyìp.,0,0,1
types,0,"yeyntu, utumaut, kalingyu",1,0,0,0,1,0,tihilu,mekreng,0,Tihilu is a type of a mekreng.,0,0,1
types,0,"tsmunongopyu, kxantsang, kllpxang",1,0,0,0,1,0,tsangep,txansnay,0,Tsangep is a type of a txansnay.,0,0,1
types,0,"paytxe'lan, mekreng, payo",1,0,1,0,0,0,kxumper,payo,0,Kxumper is not a type of a payo.,0,0,1
synonyms,0,"txatxkxe, epxanro'tu, ikreng",1,0,0,0,1,0,relsiyu,epxanro'tu,0,Relsiyu is not a synonym of an epxanro'tu.,0,0,1
instances,0,"fkxa, pamtsena, kafiurat",1,0,0,0,1,0,kxeye'ung,fkxa,0,Kxeye'ung is not a fkxa.,0,0,1
synonyms,0,"kawnvenzekwä, pasuksìm, kxump",1,0,0,1,0,0,tihilat,hermeyu,0,Tihilat is not a synonym of a hermeyu.,0,0,1
synonyms,0,"jumpamtil, eyavena, hermeyu",1,0,0,0,1,0,kantxansngal,jumpamtil,0,Kantxansngal is a synonym of a jumpamtil.,0,0,1
synonyms,0,"fnelat, kxeye'ung, tspangep",1,0,1,0,0,0,hìmpxom,fnelat,0,Hìmpxom is not a synonym of a fnelat.,0,0,1
types,0,"fmawnol, hapxayo, tihilu",1,0,0,0,1,0,ikrazef,hapxayo,0,Ikrazef is not a type of a hapxayo.,0,0,1
synonyms,0,"jumpamtil, zusawk, meypeyyu",1,0,1,0,0,0,kalep,meypeyyu,0,Kalep is not a synonym of a meypeyyu.,0,0,1
instances,0,"mawnvenu, ewktsya, fwetsim",1,0,0,0,1,0,korengsyo,mawnvenu,0,Korengsyo is not a mawnvenu.,0,0,1
instances,0,"tsmunongopyu, tutseotu, awazaaj",1,0,1,0,0,0,flawkz,awazaaj,0,Flawkz is an awazaaj.,0,0,1
synonyms,0,"wongopyu, txinfpìlok, kalingyu",1,0,0,1,0,0,hangkem,natthasat,0,Hangkem is not a synonym of a natthasat.,0,0,1
synonyms,0,"kaymauti, yengsyo, hikranvi",1,0,0,1,0,0,ngä',yengsyo,0,Ngä' is not a synonym of a yengsyo.,0,0,1
instances,0,"jumpamtil, zusawk, meypeyyu",1,0,0,0,1,0,kalep,meypeyyu,0,Kalep is a meypeyyu.,0,0,1
types,0,"äzantsyìp, hì'angrr, numtsyal",1,0,0,0,1,0,kentsyey,numtsyal,0,Kentsyey is not a type of a numtsyal.,0,0,1
synonyms,0,"eanfwe, liswal, numeypeyyu",1,0,0,0,1,0,maweyawr,numeypeyyu,0,Maweyawr is not a synonym of a numeypeyyu.,0,0,1
types,0,"eanfwe, liswal, numeypeyyu",1,0,1,0,0,0,maweyawr,numeypeyyu,0,Maweyawr is not a type of a numeypeyyu.,0,0,1
synonyms,0,"äzantsyìp, hì'angrr, numtsyal",1,0,0,0,1,0,kentsyey,äzantsyìp,0,Kentsyey is a synonym of a äzantsyìp.,0,0,1
synonyms,0,"hapxayo, tsangep, korengsyo",1,0,0,1,0,0,ionari,hì'angrr,0,Ionari is not a synonym of a hì'angrr.,0,0,1
instances,0,"miktsyo, payo, txawng",1,0,0,1,0,0,kaymauti,tihilu,0,Kaymauti is a tihilu.,0,0,1
types,0,"ontsyey, tutseotu, lamourly",1,0,0,0,1,0,hawnetu,lamourly,0,Hawnetu is not a type of a lamourly.,0,0,1
instances,0,"kxumper, karyun, kalingyu",1,0,0,0,1,0,tsmunongopyu,karyun,0,Tsmunongopyu is a karyun.,0,0,1
instances,0,"numtsyìp, tsmunongopyu, pamtsena",1,0,1,0,0,0,lawkx,tsmunongopyu,0,Lawkx is a tsmunongopyu.,0,0,1
instances,0,"äzantsyìp, eyktanzaw, zusawke",1,0,0,0,1,0,pasuksìm,eyktanzaw,0,Pasuksìm is an eyktanzaw.,0,0,1
synonyms,0,"tsnga, yentsyokx, kaymauti",1,0,0,0,1,0,wongopyu,tsnga,0,Wongopyu is a synonym of a tsnga.,0,0,1
synonyms,0,"waynivi, txeptsena, kllpxir",1,0,0,0,1,0,nikranvi,kllpxir,0,Nikranvi is a synonym of a kllpxir.,0,0,1
instances,0,"hermeyu, ikreng, maweyawr",1,0,0,0,1,0,kxump,pasuksìm,0,Kxump is not a pasuksìm.,0,0,1
types,0,"fmawe'tu, kllpxay, eltsyon",1,0,1,0,0,0,mispichy,kllpxay,0,Mispichy is a type of a kllpxay.,0,0,1
synonyms,0,"kawnetuwondercrunil, ikreng, kllpxang",1,0,0,0,1,0,kllpxir,ikreng,0,Kllpxir is a synonym of an ikreng.,0,0,1
synonyms,0,"mucherwì, hapxayo, hikranvi",1,0,0,1,0,0,yentsyokx,liswal,0,Yentsyokx is not a synonym of a liswal.,0,0,1
synonyms,0,"annevalat , waynivi, kllpxay",1,0,1,0,0,0,txang,zusawk,0,Txang is not a synonym of a zusawk.,0,0,1
types,0,"kaymauti, yengsyo, hikranvi",1,0,0,0,1,0,ngä',squifflintu,0,Ngä' is not a type of a squifflintu.,0,0,1
instances,0,"kxumper, kantxansngal, txawng",1,0,0,1,0,0,eyktanzaw,kantxansngal,0,Eyktanzaw is a kantxansngal.,0,0,1
instances,0,"kxara, lawkx, holpxanro'tu",1,0,1,0,0,0,epxanro'tu,bifflerotty,0,Epxanro'tu is not a bifflerotty.,0,0,1
types,0,"hermeyu, ikreng, maweyawr",1,0,1,0,0,0,kxump,kxekeng,0,Kxump is a type of a kxekeng.,0,0,1
types,0,"asqoy, utumaut, ikreng",1,0,0,0,1,0,eanfwe,utumaut,0,Eanfwe is not a type of a utumaut.,0,0,1
types,0,"tutseotu, ngä', natthasat",1,0,0,0,1,0,tsnga,weptse,0,Tsnga is not a type of a weptse.,0,0,1
synonyms,0,"hapxayo, tsangep, korengsyo",1,0,1,0,0,0,ionari,korengsyo,0,Ionari is a synonym of a korengsyo.,0,0,1
instances,0,"tutseotu, pewng, bifflerotty",1,0,0,1,0,0,uniaea,tutseotu,0,Uniaea is a tutseotu.,0,0,1
instances,0,"waynivi, tsengwal, kewangyu",1,0,0,0,1,0,kawnvenzekwä,pamtil,0,Kawnvenzekwä is a pamtil.,0,0,1
instances,0,"kxara, lawkx, holpxanro'tu",1,0,0,0,1,0,epxanro'tu,holpxanro'tu,0,Epxanro'tu is a holpxanro'tu.,0,0,1
types,0,"tsmunongopyu, tutseotu, awazaaj",1,0,0,1,0,0,flawkz,awazaaj,0,Flawkz is a type of an awazaaj.,0,0,1
types,0,"kxumper, fnelat, tsangep",1,0,0,0,1,0,mawnvenu,fnelat,0,Mawnvenu is not a type of a fnelat.,0,0,1
synonyms,0,"ikrazef, meypeyyu, niktsawk",1,0,0,0,1,0,txampam,txinfpìlok,0,Txampam is a synonym of a txinfpìlok.,0,0,1
types,0,"epxanro'tu, yengsyo, kllpxir",1,0,0,0,1,0,lickswinkle,kllpxir,0,Lickswinkle is a type of a kllpxir.,0,0,1
instances,0,"hangkem, jumptious, hìmpxom",1,0,0,0,1,0,nawngtu,mucherwì,0,Nawngtu is a mucherwì.,0,0,1
synonyms,0,"heyreltu, kentsyey, tstxopu",1,0,1,0,0,0,puktsyo,tstxopu,0,Puktsyo is a synonym of a tstxopu.,0,0,1
synonyms,0,"tsengwal, nawmpin, tutseotu",1,0,1,0,0,0,kllpxang,tsngum,0,Kllpxang is a synonym of a tsngum.,0,0,1
types,0,"kalingyu, karyun, tsngap",1,0,1,0,0,0,meypeyyu,kalingyu,0,Meypeyyu is not a type of a kalingyu.,0,0,1
synonyms,0,"annevalat , waynivi, kllpxay",1,0,0,0,1,0,txang,waynivi,0,Txang is not a synonym of a waynivi.,0,0,1
instances,0,"apxì, bifflerotty, kxantsang",1,0,0,0,1,0,mekreng,kxantsang,0,Mekreng is a kxantsang.,0,0,1
synonyms,0,"fwetsim, hapxayo, asqoy",1,0,1,0,0,0,hì'angrr,nawngtu,0,Hì'angrr is a synonym of a nawngtu.,0,0,1
types,0,"squifflintu, fnelat, kawnvenzekwä",1,0,0,1,0,0,tstalseng,kawnvenzekwä,0,Tstalseng is not a type of a kawnvenzekwä.,0,0,1
instances,0,"annevalat , waynivi, kllpxay",1,0,1,0,0,0,txang,zusawk,0,Txang is not a zusawk.,0,0,1
instances,0,"flawkz, hufwep, hì'angrr",1,0,0,1,0,0,numeypeyyu,hì'angrr,0,Numeypeyyu is not a hì'angrr.,0,0,1
instances,0,"ewktsya, kllpxang, hermeyu",1,0,0,1,0,0,vawmtu,hermeyu,0,Vawmtu is a hermeyu.,0,0,1
synonyms,0,"hangkem, tutseotu, wongopyu",1,0,0,0,1,0,muntxayo,ikreng,0,Muntxayo is not a synonym of an ikreng.,0,0,1
types,0,"waynivi, txeptsena, kllpxir",1,0,0,1,0,0,nikranvi,txeptsena,0,Nikranvi is a type of a txeptsena.,0,0,1
instances,0,"epxanro'tu, yengsyo, kllpxir",1,0,0,0,1,0,lickswinkle,tutseotu,0,Lickswinkle is a tutseotu.,0,0,1
types,0,"kekyu, äzantan, natthasat",1,0,0,1,0,0,tutseotu,zusawk,0,Tutseotu is not a type of a zusawk.,0,0,1
types,0,"tsmunongopyu, flawkz, kawnetuwondercrunil",1,0,1,0,0,0,äzantsyìp,tsmunongopyu,0,Äzantsyìp is not a type of a tsmunongopyu.,0,0,1
types,0,"äzantan, ikrazef, reympinvul",1,0,1,0,0,0,yeyntu,numeypeyyu,0,Yeyntu is not a type of a numeypeyyu.,0,0,1
synonyms,0,"eyavena, ngä', tihilat",1,0,0,0,1,0,zusawk,txawng,0,Zusawk is a synonym of a txawng.,0,0,1
types,0,"asqoy, hì'angrr, tsrunionari",1,0,1,0,0,0,kalingyu,hì'angrr,0,Kalingyu is not a type of a hì'angrr.,0,0,1
synonyms,0,"fnelem, uniaea, aung",1,0,0,0,1,0,dogswo,waynivi,0,Dogswo is not a synonym of a waynivi.,0,0,1
instances,0,"jumpamtil, zusawk, meypeyyu",1,0,0,0,1,0,kalep,zusawk,0,Kalep is not a zusawk.,0,0,1
types,0,"tsnga, yentsyokx, kaymauti",1,0,0,0,1,0,wongopyu,tsnga,0,Wongopyu is a type of a tsnga.,0,0,1
types,0,"tsnguway, hermeyu, ikreng",1,0,0,1,0,0,ontsyey,ikreng,0,Ontsyey is not a type of an ikreng.,0,0,1
types,0,"mucherwì, hapxayo, hikranvi",1,0,1,0,0,0,yentsyokx,hapxayo,0,Yentsyokx is not a type of a hapxayo.,0,0,1
synonyms,0,"tskxen, fmawnol, hufwep",1,0,0,0,1,0,aung,hufwep,0,Aung is a synonym of a hufwep.,0,0,1
instances,0,"äzantsyìp, hì'angrr, numtsyal",1,0,0,1,0,0,kentsyey,numtsyal,0,Kentsyey is not a numtsyal.,0,0,1
instances,0,"karyun, kafiurat, tsnguway",1,0,1,0,0,0,hapxay,puktsyo,0,Hapxay is a puktsyo.,0,0,1
synonyms,0,"fwetsim, hapxayo, asqoy",1,0,0,1,0,0,hì'angrr,fwetsim,0,Hì'angrr is a synonym of a fwetsim.,0,0,1
types,0,"zusawke, txinfpìlok, hangkem",1,0,0,1,0,0,tsnguway,apxì,0,Tsnguway is a type of an apxì.,0,0,1
synonyms,0,"kxumper, tsngum, kllpxay",1,0,1,0,0,0,pewng,maweyawr,0,Pewng is a synonym of a maweyawr.,0,0,1
synonyms,0,"pamtil, fmong, txansnay",1,0,1,0,0,0,txawng,pamtil,0,Txawng is not a synonym of a pamtil.,0,0,1
types,0,"txatxkxe, fmawnol, fwetsim",1,0,0,0,1,0,txansnay,fmawnol,0,Txansnay is a type of a fmawnol.,0,0,1
types,0,"kewangyu, eltsyon, ngä'",1,0,1,0,0,0,bifflerotty,kekyu,0,Bifflerotty is a type of a kekyu.,0,0,1
synonyms,0,"waynivi, tsengwal, kewangyu",1,0,0,0,1,0,kawnvenzekwä,kewangyu,0,Kawnvenzekwä is a synonym of a kewangyu.,0,0,1
types,0,"heyreltu, kentsyey, tstxopu",1,0,0,1,0,0,puktsyo,gloriump,0,Puktsyo is not a type of a gloriump.,0,0,1
synonyms,0,"eanfwe, maweyawr, pamtsena",1,0,0,0,1,0,paytxe'lan,maweyawr,0,Paytxe'lan is not a synonym of a maweyawr.,0,0,1
instances,0,"ikreng, kxara, äzantan",1,0,0,0,1,0,hufwep,kxara,0,Hufwep is not a kxara.,0,0,1
types,0,"ionari, tstalseng, tìzingyu",1,0,0,0,1,0,zusawke,tstalseng,0,Zusawke is not a type of a tstalseng.,0,0,1
synonyms,0,"fmawnol, hapxayo, tihilu",1,0,1,0,0,0,ikrazef,hapxayo,0,Ikrazef is a synonym of a hapxayo.,0,0,1
types,0,"kxara, lawkx, holpxanro'tu",1,0,0,1,0,0,epxanro'tu,mucherwì,0,Epxanro'tu is not a type of a mucherwì.,0,0,1
types,0,"ionari, tihilu, gloriump",1,0,0,0,1,0,kewangyu,tihilu,0,Kewangyu is a type of a tihilu.,0,0,1
types,0,"fmawnol, jumpamtil, utumaut",1,0,0,0,1,0,heyreltu,utumaut,0,Heyreltu is not a type of a utumaut.,0,0,1
instances,0,"tstxopu, txawng, txinfpìlok",1,0,1,0,0,0,tsengwal,txawng,0,Tsengwal is not a txawng.,0,0,1
instances,0,"fmong, nikranvi, tsngap",1,0,0,0,1,0,ewktsya,kantxansngal,0,Ewktsya is not a kantxansngal.,0,0,1
synonyms,0,"kentsyey, eltsyon, mispichy",1,0,0,1,0,0,miktsyo,kxara,0,Miktsyo is not a synonym of a kxara.,0,0,1
instances,0,"tsmunongopyu, kxantsang, kllpxang",1,0,0,1,0,0,tsangep,txansnay,0,Tsangep is a txansnay.,0,0,1
types,0,"tsnga, yentsyokx, kaymauti",1,0,0,1,0,0,wongopyu,epxanro'tu,0,Wongopyu is not a type of an epxanro'tu.,0,0,1
instances,0,"txatxkxe, fmawnol, fwetsim",1,0,0,0,1,0,txansnay,fmawnol,0,Txansnay is a fmawnol.,0,0,1
types,0,"natthasat, wongopyu, fmong",1,0,0,0,1,0,hermeyu,wongopyu,0,Hermeyu is not a type of a wongopyu.,0,0,1
synonyms,0,"lawkx, annevalat , waynivi",1,0,1,0,0,0,fnelat,numtsyal,0,Fnelat is a synonym of a numtsyal.,0,0,1
types,0,"jumpamtil, eyavena, hermeyu",1,0,0,0,1,0,kantxansngal,aung,0,Kantxansngal is a type of an aung.,0,0,1
instances,0,"mawnvenu, ewktsya, fwetsim",1,0,0,0,1,0,korengsyo,numeypeyyu,0,Korengsyo is not a numeypeyyu.,0,0,1
synonyms,0,"äzantan, ikrazef, reympinvul",1,0,0,0,1,0,yeyntu,reympinvul,0,Yeyntu is not a synonym of a reympinvul.,0,0,1
synonyms,0,"tspangep, karyun, kxump",1,0,0,1,0,0,natthasat,karyun,0,Natthasat is not a synonym of a karyun.,0,0,1
types,0,"kxumper, karyun, kalingyu",1,0,1,0,0,0,tsmunongopyu,karyun,0,Tsmunongopyu is a type of a karyun.,0,0,1
instances,0,"fmong, nikranvi, tsngap",1,0,0,0,1,0,ewktsya,tsngap,0,Ewktsya is not a tsngap.,0,0,1
types,0,"pamtil, fmong, txansnay",1,0,0,1,0,0,txawng,txansnay,0,Txawng is not a type of a txansnay.,0,0,1
types,0,"heyreltu, numtsyal, squifflintu",1,0,0,0,1,0,payo,eltsyey,0,Payo is a type of an eltsyey.,0,0,1
synonyms,0,"txawng, fnelat, tspangep",1,0,0,0,1,0,kllpxay,gloriump,0,Kllpxay is a synonym of a gloriump.,0,0,1
instances,0,"heyreltu, kentsyey, tstxopu",1,0,0,0,1,0,puktsyo,heyreltu,0,Puktsyo is a heyreltu.,0,0,1
instances,0,"puktsyo, tstalseng, vawmtu",1,0,0,0,1,0,tskxen,puktsyo,0,Tskxen is not a puktsyo.,0,0,1
types,0,"hì'angrr, fnelem, squifflintu",1,0,0,0,1,0,weptse,zusawke,0,Weptse is not a type of a zusawke.,0,0,1
instances,0,"fwetsim, hapxayo, asqoy",1,0,0,0,1,0,hì'angrr,fwetsim,0,Hì'angrr is a fwetsim.,0,0,1
synonyms,0,"ewktsya, tìzingyu, heyreltu",1,0,0,0,1,0,mucherwì,ewktsya,0,Mucherwì is not a synonym of a ewktsya.,0,0,1
types,0,"annevalat , waynivi, kllpxay",1,0,0,0,1,0,txang,hì'angrr,0,Txang is not a type of a hì'angrr.,0,0,1
synonyms,0,"muntxayo, jumpamtil, uniaea",1,0,0,1,0,0,katokx,kllpxang,0,Katokx is a synonym of a kllpxang.,0,0,1
types,0,"nawngtu, mucherwì, flawkz",1,0,0,0,1,0,fnelem,mucherwì,0,Fnelem is not a type of a mucherwì.,0,0,1
types,0,"ionari, tihilu, gloriump",1,0,0,0,1,0,kewangyu,ionari,0,Kewangyu is not a type of an ionari.,0,0,1
instances,0,"kxantsang, ewktsya, tsengwal",1,0,1,0,0,0,eampayfya,numtsyìp,0,Eampayfya is not a numtsyìp.,0,0,1
instances,0,"ionari, tstalseng, tìzingyu",1,0,0,0,1,0,zusawke,weptse,0,Zusawke is not a weptse.,0,0,1
instances,0,"fmawnol, jumpamtil, utumaut",1,0,0,1,0,0,heyreltu,utumaut,0,Heyreltu is a utumaut.,0,0,1
instances,0,"muntxayo, jumpamtil, uniaea",1,0,1,0,0,0,katokx,quogwin,0,Katokx is a quogwin.,0,0,1
synonyms,0,"hapxay, kllpxang, fmawnol",1,0,1,0,0,0,pamtil,holpxanro'tu,0,Pamtil is not a synonym of a holpxanro'tu.,0,0,1
types,0,"heyreltu, numtsyal, squifflintu",1,0,0,0,1,0,payo,nawmpin,0,Payo is not a type of a nawmpin.,0,0,1
synonyms,0,"tsnguway, hì'angrr, waynivi",1,0,0,1,0,0,fmawe'tu,äzantsyìp,0,Fmawe'tu is not a synonym of a äzantsyìp.,0,0,1
synonyms,0,"hìmpxom, ngä', äzantsyìp",1,0,1,0,0,0,jumptious,ngä',0,Jumptious is not a synonym of a ngä'.,0,0,1
synonyms,0,"äzantan, ikrazef, reympinvul",1,0,0,1,0,0,yeyntu,äzantan,0,Yeyntu is not a synonym of a äzantan.,0,0,1
synonyms,0,"pamtil, fmong, txansnay",1,0,0,0,1,0,txawng,txansnay,0,Txawng is a synonym of a txansnay.,0,0,1
types,0,"hermeyu, ikreng, maweyawr",1,0,1,0,0,0,kxump,hermeyu,0,Kxump is not a type of a hermeyu.,0,0,1
instances,0,"äzantsyìp, tsmunongopyu, tstalseng",1,0,0,0,1,0,tutseo,liswal,0,Tutseo is not a liswal.,0,0,1
types,0,"muntxayo, jumpamtil, uniaea",1,0,0,0,1,0,katokx,jumpamtil,0,Katokx is not a type of a jumpamtil.,0,0,1
instances,0,"jumpamtil, eyavena, hermeyu",1,0,0,0,1,0,kantxansngal,hermeyu,0,Kantxansngal is a hermeyu.,0,0,1
instances,0,"tsnguway, hì'angrr, waynivi",1,0,0,0,1,0,fmawe'tu,waynivi,0,Fmawe'tu is not a waynivi.,0,0,1
instances,0,"txatxkxe, fmawnol, fwetsim",1,0,0,0,1,0,txansnay,txatxkxe,0,Txansnay is not a txatxkxe.,0,0,1
instances,0,"tsnguway, hermeyu, ikreng",1,0,0,1,0,0,ontsyey,heyreltu,0,Ontsyey is a heyreltu.,0,0,1
types,0,"apxì, eyktanzaw, muntxayo",1,0,0,1,0,0,awazaaj,numtsyal,0,Awazaaj is not a type of a numtsyal.,0,0,1
types,0,"kxumper, karyun, kalingyu",1,0,1,0,0,0,tsmunongopyu,fwetsim,0,Tsmunongopyu is not a type of a fwetsim.,0,0,1
synonyms,0,"hermeyu, korengsyo, numeypeyyu",1,0,0,0,1,0,waynivi,aung,0,Waynivi is not a synonym of an aung.,0,0,1
synonyms,0,"hermeyu, korengsyo, numeypeyyu",1,0,0,0,1,0,waynivi,korengsyo,0,Waynivi is a synonym of a korengsyo.,0,0,1
synonyms,0,"korengsyo, kxekeng, ikreng",1,0,0,1,0,0,kekyu,gloriump,0,Kekyu is not a synonym of a gloriump.,0,0,1
instances,0,"kxumper, karyun, kalingyu",1,0,0,0,1,0,tsmunongopyu,fwetsim,0,Tsmunongopyu is not a fwetsim.,0,0,1
types,0,"tsnguway, hermeyu, ikreng",1,0,1,0,0,0,ontsyey,mucherwì,0,Ontsyey is a type of a mucherwì.,0,0,1
instances,0,"tsngap, eltsyon, tsnguway",1,0,1,0,0,0,reympinvul,kxara,0,Reympinvul is not a kxara.,0,0,1
instances,0,"tsngum, kentsyey, kxantsang",1,0,0,0,1,0,fmawnol,hawtsyosyu,0,Fmawnol is a hawtsyosyu.,0,0,1
synonyms,0,"fnelem, uniaea, aung",1,0,0,0,1,0,dogswo,tsngum,0,Dogswo is not a synonym of a tsngum.,0,0,1
types,0,"hapxay, kllpxang, fmawnol",1,0,0,0,1,0,pamtil,hapxay,0,Pamtil is a type of a hapxay.,0,0,1
synonyms,0,"kxumper, karyun, kalingyu",1,0,0,0,1,0,tsmunongopyu,txang,0,Tsmunongopyu is not a synonym of a txang.,0,0,1
instances,0,"kekyu, äzantan, natthasat",1,0,0,0,1,0,tutseotu,zusawk,0,Tutseotu is not a zusawk.,0,0,1
instances,0,"tsmunongopyu, kxantsang, kllpxang",1,0,0,1,0,0,tsangep,kllpxang,0,Tsangep is a kllpxang.,0,0,1
types,0,"eyavena, ngä', tihilat",1,0,0,0,1,0,zusawk,tihilat,0,Zusawk is a type of a tihilat.,0,0,1
synonyms,0,"nawngtu, mucherwì, flawkz",1,0,1,0,0,0,fnelem,puktsyo,0,Fnelem is a synonym of a puktsyo.,0,0,1
synonyms,0,"heyreltu, pewng, payo",1,0,0,0,1,0,tspangep,payo,0,Tspangep is not a synonym of a payo.,0,0,1
synonyms,0,"heyreltu, kentsyey, tstxopu",1,0,1,0,0,0,puktsyo,kentsyey,0,Puktsyo is not a synonym of a kentsyey.,0,0,1
types,0,"tutseotu, pewng, bifflerotty",1,0,1,0,0,0,uniaea,ikrazef,0,Uniaea is a type of an ikrazef.,0,0,1
types,0,"mucherwì, hapxayo, hikranvi",1,0,0,0,1,0,yentsyokx,hikranvi,0,Yentsyokx is a type of a hikranvi.,0,0,1
synonyms,0,"txatxkxe, pawkrr, tihilu",1,0,1,0,0,0,quogwin,tsnga,0,Quogwin is a synonym of a tsnga.,0,0,1
types,0,"wongopyu, txinfpìlok, kalingyu",1,0,0,1,0,0,hangkem,natthasat,0,Hangkem is not a type of a natthasat.,0,0,1
synonyms,0,"ontsyey, ikrazef, mucherwì",1,0,0,0,1,0,nawmpin,mucherwì,0,Nawmpin is a synonym of a mucherwì.,0,0,1
types,0,"annevalat , waynivi, kllpxay",1,0,0,0,1,0,txang,zusawk,0,Txang is not a type of a zusawk.,0,0,1
synonyms,0,"ontsyey, äzantsyìp, tsngap",1,0,0,0,1,0,tsngum,tsngap,0,Tsngum is not a synonym of a tsngap.,0,0,1
synonyms,0,"heyreltu, pewng, payo",1,0,1,0,0,0,tspangep,heyreltu,0,Tspangep is not a synonym of a heyreltu.,0,0,1
instances,0,"epxanro'tu, yengsyo, kllpxir",1,0,0,0,1,0,lickswinkle,eyktanzaw,0,Lickswinkle is not an eyktanzaw.,0,0,1
types,0,"mucherwì, hapxayo, hikranvi",1,0,0,0,1,0,yentsyokx,katokx,0,Yentsyokx is not a type of a katokx.,0,0,1
instances,0,"kewangyu, nikranvi, karyun",1,0,0,0,1,0,pawkrr,pamtil,0,Pawkrr is a pamtil.,0,0,1
types,0,"hermeyu, korengsyo, numeypeyyu",1,0,0,0,1,0,waynivi,tsnguway,0,Waynivi is not a type of a tsnguway.,0,0,1
types,0,"zusawke, txinfpìlok, hangkem",1,0,0,1,0,0,tsnguway,zusawke,0,Tsnguway is a type of a zusawke.,0,0,1
synonyms,0,"jumpamtil, eyavena, hermeyu",1,0,0,0,1,0,kantxansngal,jumpamtil,0,Kantxansngal is not a synonym of a jumpamtil.,0,0,1
instances,0,"fwetsim, hapxayo, asqoy",1,0,0,0,1,0,hì'angrr,fwetsim,0,Hì'angrr is not a fwetsim.,0,0,1
instances,0,"fmawnol, hapxayo, tihilu",1,0,0,1,0,0,ikrazef,asqoy,0,Ikrazef is an asqoy.,0,0,1
instances,0,"ewktsya, tìzingyu, heyreltu",1,0,0,0,1,0,mucherwì,awazaaj,0,Mucherwì is an awazaaj.,0,0,1
synonyms,0,"fmong, tspangep, kllpxang",1,0,0,0,1,0,apxì,tskxen,0,Apxì is a synonym of a tskxen.,0,0,1
types,0,"jumpamtil, zusawk, meypeyyu",1,0,0,0,1,0,kalep,jumpamtil,0,Kalep is not a type of a jumpamtil.,0,0,1
types,0,"kxantsang, ikreng, hufwep",1,0,0,0,1,0,eltsyon,hufwep,0,Eltsyon is a type of a hufwep.,0,0,1
types,0,"ikreng, kxara, äzantan",1,0,0,1,0,0,hufwep,kxara,0,Hufwep is a type of a kxara.,0,0,1
instances,0,"muntxayo, jumpamtil, uniaea",1,0,1,0,0,0,katokx,asqoy,0,Katokx is not an asqoy.,0,0,1
synonyms,0,"yeyntu, utumaut, kalingyu",1,0,0,0,1,0,tihilu,mekreng,0,Tihilu is a synonym of a mekreng.,0,0,1
instances,0,"ionari, tstalseng, tìzingyu",1,0,0,1,0,0,zusawke,tìzingyu,0,Zusawke is not a tìzingyu.,0,0,1
synonyms,0,"zusawke, kalep, kllpxir",1,0,0,0,1,0,txinfpìlok,kewangyu,0,Txinfpìlok is not a synonym of a kewangyu.,0,0,1
instances,0,"kxumper, karyun, kalingyu",1,0,0,0,1,0,tsmunongopyu,hapxay,0,Tsmunongopyu is a hapxay.,0,0,1
synonyms,0,"fwetsim, hapxayo, asqoy",1,0,0,0,1,0,hì'angrr,ikreng,0,Hì'angrr is not a synonym of an ikreng.,0,0,1
synonyms,0,"puktsyo, tstalseng, vawmtu",1,0,1,0,0,0,tskxen,txawng,0,Tskxen is a synonym of a txawng.,0,0,1
instances,0,"fmawe'tu, kllpxay, eltsyon",1,0,0,1,0,0,mispichy,fmawe'tu,0,Mispichy is not a fmawe'tu.,0,0,1
instances,0,"kawnvenzekwä, pasuksìm, kxump",1,0,0,1,0,0,tihilat,quogwin,0,Tihilat is not a quogwin.,0,0,1
types,0,"zusawke, kalep, kllpxir",1,0,0,0,1,0,txinfpìlok,fmong,0,Txinfpìlok is a type of a fmong.,0,0,1
synonyms,0,"tsmunongopyu, tutseotu, awazaaj",1,0,0,0,1,0,flawkz,nawngtu,0,Flawkz is a synonym of a nawngtu.,0,0,1
types,0,"flawkz, hufwep, hì'angrr",1,0,0,0,1,0,numeypeyyu,eyavena,0,Numeypeyyu is not a type of an eyavena.,0,0,1
types,0,"tsmunongopyu, tutseotu, awazaaj",1,0,0,0,1,0,flawkz,squifflintu,0,Flawkz is a type of a squifflintu.,0,0,1
instances,0,"hapxay, kllpxang, fmawnol",1,0,0,0,1,0,pamtil,holpxanro'tu,0,Pamtil is not a holpxanro'tu.,0,0,1
instances,0,"eyavena, ngä', tihilat",1,0,0,0,1,0,zusawk,ngä',0,Zusawk is a ngä'.,0,0,1
instances,0,"relsiyu, hufwep, kafiurat",1,0,0,0,1,0,hapxayo,liswal,0,Hapxayo is not a liswal.,0,0,1
types,0,"äzantsyìp, tsmunongopyu, txampam",1,0,0,0,1,0,kxantsang,äzantsyìp,0,Kxantsang is a type of a äzantsyìp.,0,0,1
instances,0,"hapxay, kllpxay, hawnetu",1,0,1,0,0,0,tsngawnol,wongopyu,0,Tsngawnol is a wongopyu.,0,0,1
synonyms,0,"txampam, aung, oeyktan",1,0,0,0,1,0,liswal,txampam,0,Liswal is not a synonym of a txampam.,0,0,1
synonyms,0,"reympinvul, txang, tsnguway",1,0,0,1,0,0,äzantan,tsnguway,0,Äzantan is not a synonym of a tsnguway.,0,0,1
instances,0,"zusawk, karyun, eltsyey",1,0,0,0,1,0,hawtsyosyu,niktsawk,0,Hawtsyosyu is not a niktsawk.,0,0,1
synonyms,0,"heyreltu, pewng, payo",1,0,0,1,0,0,tspangep,pewng,0,Tspangep is a synonym of a pewng.,0,0,1
types,0,"zusawke, txinfpìlok, hangkem",1,0,1,0,0,0,tsnguway,oeyktan,0,Tsnguway is not a type of an oeyktan.,0,0,1
synonyms,0,"tstxopu, txawng, txinfpìlok",1,0,0,0,1,0,tsengwal,tstxopu,0,Tsengwal is not a synonym of a tstxopu.,0,0,1
instances,0,"hawtsyosyu, nikranvi, pawkrr",1,0,0,1,0,0,ikreng,maweyawr,0,Ikreng is not a maweyawr.,0,0,1
synonyms,0,"yeyntu, utumaut, kalingyu",1,0,1,0,0,0,tihilu,utumaut,0,Tihilu is not a synonym of a utumaut.,0,0,1
types,0,"apxì, bifflerotty, kxantsang",1,0,1,0,0,0,mekreng,bifflerotty,0,Mekreng is not a type of a bifflerotty.,0,0,1
types,0,"squifflintu, fnelat, kawnvenzekwä",1,0,0,1,0,0,tstalseng,bifflerotty,0,Tstalseng is a type of a bifflerotty.,0,0,1
instances,0,"fmawe'tu, tutseo, ewktsya",1,0,0,1,0,0,utumaut,tìzingyu,0,Utumaut is not a tìzingyu.,0,0,1
types,0,"jumpamtil, zusawk, meypeyyu",1,0,0,0,1,0,kalep,zusawk,0,Kalep is not a type of a zusawk.,0,0,1
synonyms,0,"asqoy, numeypeyyu, nawngtu",1,0,0,0,1,0,yengsyo,tspangep,0,Yengsyo is not a synonym of a tspangep.,0,0,1
types,0,"äzantsyìp, hì'angrr, numtsyal",1,0,0,1,0,0,kentsyey,tsmunongopyu,0,Kentsyey is a type of a tsmunongopyu.,0,0,1
instances,0,"fmawe'tu, kllpxay, eltsyon",1,0,0,1,0,0,mispichy,kllpxay,0,Mispichy is a kllpxay.,0,0,1
types,0,"kxumper, karyun, kalingyu",1,0,0,1,0,0,tsmunongopyu,hapxay,0,Tsmunongopyu is a type of a hapxay.,0,0,1
instances,0,"niktsawk, zusawke, kllpxir",1,0,1,0,0,0,annevalat ,hawnetu,0,Annevalat  is a hawnetu.,0,0,1
types,0,"eyavena, ngä', tihilat",1,0,0,0,1,0,zusawk,ngä',0,Zusawk is a type of a ngä'.,0,0,1
instances,0,"kxara, pawkrr, tspangep",1,0,0,0,1,0,fkxa,hawnetu,0,Fkxa is a hawnetu.,0,0,1
instances,0,"tstxopu, txawng, txinfpìlok",1,0,1,0,0,0,tsengwal,hìmpxom,0,Tsengwal is a hìmpxom.,0,0,1
synonyms,0,"kxumper, tsngum, kllpxay",1,0,1,0,0,0,pewng,kxumper,0,Pewng is not a synonym of a kxumper.,0,0,1
types,0,"tsmunongopyu, kxantsang, kllpxang",1,0,0,1,0,0,tsangep,fmawe'tu,0,Tsangep is not a type of a fmawe'tu.,0,0,1
types,0,"miktsyo, mispichy, reympinvul",1,0,1,0,0,0,holpxanro'tu,tsngum,0,Holpxanro'tu is not a type of a tsngum.,0,0,1
types,0,"äzantsyìp, eyktanzaw, zusawke",1,0,0,1,0,0,pasuksìm,tsmunongopyu,0,Pasuksìm is a type of a tsmunongopyu.,0,0,1
instances,0,"tsnguway, fwetsim, nawngtu",1,0,1,0,0,0,oeykekyunay,tsnguway,0,Oeykekyunay is a tsnguway.,0,0,1
synonyms,0,"fmawnol, hapxayo, tihilu",1,0,0,0,1,0,ikrazef,tutseo,0,Ikrazef is not a synonym of a tutseo.,0,0,1
instances,0,"kekyu, äzantan, natthasat",1,0,1,0,0,0,tutseotu,äzantan,0,Tutseotu is not a äzantan.,0,0,1
types,0,"äzantsyìp, tsmunongopyu, tstalseng",1,0,0,1,0,0,tutseo,tstalseng,0,Tutseo is a type of a tstalseng.,0,0,1
synonyms,0,"ikreng, kxara, äzantan",1,0,0,1,0,0,hufwep,äzantan,0,Hufwep is not a synonym of a äzantan.,0,0,1
types,0,"korengsyo, kxekeng, ikreng",1,0,0,0,1,0,kekyu,ikreng,0,Kekyu is a type of an ikreng.,0,0,1
synonyms,0,"hawtsyosyu, nikranvi, pawkrr",1,0,1,0,0,0,ikreng,maweyawr,0,Ikreng is not a synonym of a maweyawr.,0,0,1
synonyms,0,"txawng, fnelat, tspangep",1,0,0,0,1,0,kllpxay,fnelat,0,Kllpxay is not a synonym of a fnelat.,0,0,1
instances,0,"kalingyu, karyun, tsngap",1,0,0,1,0,0,meypeyyu,tsngap,0,Meypeyyu is a tsngap.,0,0,1
types,0,"wongopyu, txinfpìlok, kalingyu",1,0,0,0,1,0,hangkem,wongopyu,0,Hangkem is not a type of a wongopyu.,0,0,1
instances,0,"äzantsyìp, tsmunongopyu, tstalseng",1,0,0,0,1,0,tutseo,äzantsyìp,0,Tutseo is a äzantsyìp.,0,0,1
instances,0,"ontsyey, ikrazef, mucherwì",1,0,0,1,0,0,nawmpin,ngä',0,Nawmpin is a ngä'.,0,0,1
synonyms,0,"fmawnol, hapxayo, tihilu",1,0,0,1,0,0,ikrazef,asqoy,0,Ikrazef is a synonym of an asqoy.,0,0,1
types,0,"kxara, pawkrr, tspangep",1,0,0,1,0,0,fkxa,pawkrr,0,Fkxa is not a type of a pawkrr.,0,0,1
synonyms,0,"heyreltu, numtsyal, squifflintu",1,0,0,0,1,0,payo,eltsyey,0,Payo is a synonym of an eltsyey.,0,0,1
synonyms,0,"tìzingyu, katokx, lawkx",1,0,1,0,0,0,kawnetuwondercrunil,jumpamtil,0,Kawnetuwondercrunil is not a synonym of a jumpamtil.,0,0,1
instances,0,"tskxen, txampam, hermeyu",1,0,0,0,1,0,jumpamtil,txampam,0,Jumpamtil is a txampam.,0,0,1
types,0,"miktsyo, mispichy, reympinvul",1,0,0,0,1,0,holpxanro'tu,mispichy,0,Holpxanro'tu is not a type of a mispichy.,0,0,1
types,0,"mekreng, oeyktan, hawtsyosyu",1,0,0,1,0,0,hikranvi,oeyktan,0,Hikranvi is a type of an oeyktan.,0,0,1
instances,0,"quogwin, kalingyu, numtsyìp",1,0,0,1,0,0,eyavena,kalingyu,0,Eyavena is a kalingyu.,0,0,1
instances,0,"zusawk, hì'angrr, maweyawr",1,0,0,1,0,0,txeptsena,numtsyìp,0,Txeptsena is a numtsyìp.,0,0,1
synonyms,0,"karyun, kafiurat, tsnguway",1,0,0,1,0,0,hapxay,karyun,0,Hapxay is not a synonym of a karyun.,0,0,1
instances,0,"jumpamtil, eyavena, hermeyu",1,0,0,1,0,0,kantxansngal,aung,0,Kantxansngal is an aung.,0,0,1
synonyms,0,"kxantsang, ikreng, hufwep",1,0,1,0,0,0,eltsyon,gloriump,0,Eltsyon is a synonym of a gloriump.,0,0,1
instances,0,"mekreng, mucherwì, lamourly",1,0,0,0,1,0,eltsyey,vawmtu,0,Eltsyey is a vawmtu.,0,0,1
synonyms,0,"kxantsang, ewktsya, tsengwal",1,0,1,0,0,0,eampayfya,kxekeng,0,Eampayfya is not a synonym of a kxekeng.,0,0,1
types,0,"fmawnol, jumpamtil, utumaut",1,0,0,0,1,0,heyreltu,utumaut,0,Heyreltu is a type of a utumaut.,0,0,1
types,0,"ewktsya, kllpxang, hermeyu",1,0,1,0,0,0,vawmtu,hermeyu,0,Vawmtu is a type of a hermeyu.,0,0,1
types,0,"kaymauti, yengsyo, hikranvi",1,0,0,1,0,0,ngä',hikranvi,0,Ngä' is a type of a hikranvi.,0,0,1
instances,0,"ikrazef, meypeyyu, niktsawk",1,0,0,0,1,0,txampam,txinfpìlok,0,Txampam is a txinfpìlok.,0,0,1
types,0,"ikrazef, meypeyyu, niktsawk",1,0,0,1,0,0,txampam,zusawke,0,Txampam is not a type of a zusawke.,0,0,1
instances,0,"hangkem, jumptious, hìmpxom",1,0,0,1,0,0,nawngtu,jumptious,0,Nawngtu is jumptious.,0,0,1
instances,0,"heyreltu, kentsyey, tstxopu",1,0,0,0,1,0,puktsyo,tstxopu,0,Puktsyo is a tstxopu.,0,0,1
synonyms,0,"ewktsya, kllpxang, hermeyu",1,0,0,1,0,0,vawmtu,ewktsya,0,Vawmtu is not a synonym of a ewktsya.,0,0,1
instances,0,"kawnetuwondercrunil, ikreng, kllpxang",1,0,0,0,1,0,kllpxir,kawnetuwondercrunil,0,Kllpxir is not a kawnetuwondercrunil.,0,0,1
types,0,"waynivi, tsengwal, kewangyu",1,0,0,0,1,0,kawnvenzekwä,tsengwal,0,Kawnvenzekwä is not a type of a tsengwal.,0,0,1
synonyms,0,"jumpamtil, eyavena, hermeyu",1,0,0,0,1,0,kantxansngal,pawkrr,0,Kantxansngal is a synonym of a pawkrr.,0,0,1
synonyms,0,"reympinvul, txang, tsnguway",1,0,0,0,1,0,äzantan,reympinvul,0,Äzantan is not a synonym of a reympinvul.,0,0,1
types,0,"ontsyey, äzantsyìp, tsngap",1,0,1,0,0,0,tsngum,fwetsim,0,Tsngum is a type of a fwetsim.,0,0,1
synonyms,0,"mawnvenu, ewktsya, fwetsim",1,0,1,0,0,0,korengsyo,miktsyo,0,Korengsyo is a synonym of a miktsyo.,0,0,1
types,0,"pamtil, fmong, txansnay",1,0,1,0,0,0,txawng,txang,0,Txawng is a type of a txang.,0,0,1
synonyms,0,"txatxkxe, pawkrr, tihilu",1,0,1,0,0,0,quogwin,tihilu,0,Quogwin is not a synonym of a tihilu.,0,0,1
types,0,"karyun, kafiurat, tsnguway",1,0,1,0,0,0,hapxay,kafiurat,0,Hapxay is not a type of a kafiurat.,0,0,1
instances,0,"zusawke, txinfpìlok, hangkem",1,0,0,0,1,0,tsnguway,oeyktan,0,Tsnguway is not an oeyktan.,0,0,1
synonyms,0,"hì'angrr, fnelem, squifflintu",1,0,0,0,1,0,weptse,zusawke,0,Weptse is not a synonym of a zusawke.,0,0,1
synonyms,0,"äzantsyìp, hì'angrr, numtsyal",1,0,0,0,1,0,kentsyey,äzantsyìp,0,Kentsyey is not a synonym of a äzantsyìp.,0,0,1
types,0,"mekreng, oeyktan, hawtsyosyu",1,0,1,0,0,0,hikranvi,ikrazef,0,Hikranvi is a type of an ikrazef.,0,0,1
types,0,"katokx, quogwin, äzantsyìp",1,0,0,0,1,0,asqoy,puktsyo,0,Asqoy is a type of a puktsyo.,0,0,1
synonyms,0,"jumpamtil, eyavena, hermeyu",1,0,1,0,0,0,kantxansngal,hermeyu,0,Kantxansngal is not a synonym of a hermeyu.,0,0,1
synonyms,0,"eanfwe, maweyawr, pamtsena",1,0,0,0,1,0,paytxe'lan,flawkz,0,Paytxe'lan is a synonym of a flawkz.,0,0,1
synonyms,0,"puktsyo, tstalseng, vawmtu",1,0,1,0,0,0,tskxen,pamtsena,0,Tskxen is a synonym of a pamtsena.,0,0,1
synonyms,0,"äzantan, ikrazef, reympinvul",1,0,0,0,1,0,yeyntu,hìmpxom,0,Yeyntu is a synonym of a hìmpxom.,0,0,1
synonyms,0,"äzantsyìp, tsmunongopyu, tstalseng",1,0,0,0,1,0,tutseo,äzantsyìp,0,Tutseo is a synonym of a äzantsyìp.,0,0,1
instances,0,"eyavena, ngä', tihilat",1,0,0,0,1,0,zusawk,eyavena,0,Zusawk is an eyavena.,0,0,1
types,0,"kawnetuwondercrunil, ikreng, kllpxang",1,0,1,0,0,0,kllpxir,kawnetuwondercrunil,0,Kllpxir is a type of a kawnetuwondercrunil.,0,0,1
types,0,"asqoy, utumaut, ikreng",1,0,1,0,0,0,eanfwe,asqoy,0,Eanfwe is not a type of an asqoy.,0,0,1
synonyms,0,"ikrazef, meypeyyu, niktsawk",1,0,0,1,0,0,txampam,zusawke,0,Txampam is not a synonym of a zusawke.,0,0,1
types,0,"kawnetuwondercrunil, ikreng, kllpxang",1,0,0,0,1,0,kllpxir,txinfpìlok,0,Kllpxir is a type of a txinfpìlok.,0,0,1
instances,0,"ontsyey, ikrazef, mucherwì",1,0,0,0,1,0,nawmpin,mucherwì,0,Nawmpin is not a mucherwì.,0,0,1
types,0,"tsengwal, nawmpin, tutseotu",1,0,0,0,1,0,kllpxang,tsengwal,0,Kllpxang is a type of a tsengwal.,0,0,1
types,0,"tsnguway, hermeyu, ikreng",1,0,0,0,1,0,ontsyey,ikreng,0,Ontsyey is a type of an ikreng.,0,0,1
instances,0,"fmawnol, hapxayo, tihilu",1,0,0,1,0,0,ikrazef,hapxayo,0,Ikrazef is not a hapxayo.,0,0,1
types,0,"niktsawk, zusawke, kllpxir",1,0,0,1,0,0,annevalat ,kllpxir,0,Annevalat  is not a type of a kllpxir.,0,0,1
instances,0,"lawkx, annevalat , waynivi",1,0,1,0,0,0,fnelat,annevalat ,0,Fnelat is an annevalat .,0,0,1
synonyms,0,"annevalat , waynivi, kllpxay",1,0,0,0,1,0,txang,tstxopu,0,Txang is a synonym of a tstxopu.,0,0,1
types,0,"muntxayo, jumpamtil, uniaea",1,0,0,0,1,0,katokx,kllpxang,0,Katokx is a type of a kllpxang.,0,0,1
types,0,"eanfwe, liswal, numeypeyyu",1,0,0,0,1,0,maweyawr,kafiurat,0,Maweyawr is not a type of a kafiurat.,0,0,1
instances,0,"jumpamtil, zusawk, meypeyyu",1,0,0,0,1,0,kalep,jumpamtil,0,Kalep is not a jumpamtil.,0,0,1
instances,0,"tsngum, kentsyey, kxantsang",1,0,1,0,0,0,fmawnol,kxantsang,0,Fmawnol is a kxantsang.,0,0,1
synonyms,0,"mucherwì, hapxayo, hikranvi",1,0,0,0,1,0,yentsyokx,hapxayo,0,Yentsyokx is a synonym of a hapxayo.,0,0,1
synonyms,0,"waynivi, tsengwal, kewangyu",1,0,0,0,1,0,kawnvenzekwä,waynivi,0,Kawnvenzekwä is a synonym of a waynivi.,0,0,1
types,0,"wongopyu, kxumper, jumpamtil",1,0,0,1,0,0,pamtsena,wongopyu,0,Pamtsena is a type of a wongopyu.,0,0,1
types,0,"tsmunongopyu, flawkz, kawnetuwondercrunil",1,0,1,0,0,0,äzantsyìp,äzantsyìp,0,Äzantsyìp is not a type of a äzantsyìp.,0,0,1
instances,0,"kxara, pawkrr, tspangep",1,0,0,1,0,0,fkxa,pawkrr,0,Fkxa is not a pawkrr.,0,0,1
types,0,"tsnguway, hermeyu, ikreng",1,0,0,1,0,0,ontsyey,tsnguway,0,Ontsyey is a type of a tsnguway.,0,0,1
instances,0,"squifflintu, fnelat, kawnvenzekwä",1,0,0,1,0,0,tstalseng,squifflintu,0,Tstalseng is not a squifflintu.,0,0,1
synonyms,0,"kxantsang, ikreng, hufwep",1,0,0,1,0,0,eltsyon,kxeye'ung,0,Eltsyon is not a synonym of a kxeye'ung.,0,0,1
synonyms,0,"waynivi, tsengwal, kewangyu",1,0,0,1,0,0,kawnvenzekwä,pamtil,0,Kawnvenzekwä is a synonym of a pamtil.,0,0,1
instances,0,"korengsyo, kxekeng, ikreng",1,0,0,0,1,0,kekyu,gloriump,0,Kekyu is not a gloriump.,0,0,1
instances,0,"quogwin, kalingyu, numtsyìp",1,0,0,0,1,0,eyavena,yeyntu,0,Eyavena is not a yeyntu.,0,0,1
instances,0,"ewktsya, tìzingyu, heyreltu",1,0,1,0,0,0,mucherwì,hapxay,0,Mucherwì is not a hapxay.,0,0,1
synonyms,0,"tskxen, fmawnol, hufwep",1,0,0,0,1,0,aung,txinfpìlok,0,Aung is a synonym of a txinfpìlok.,0,0,1
synonyms,0,"heyreltu, numtsyal, squifflintu",1,0,0,1,0,0,payo,numtsyal,0,Payo is a synonym of a numtsyal.,0,0,1
instances,0,"txampam, aung, oeyktan",1,0,0,0,1,0,liswal,txampam,0,Liswal is not a txampam.,0,0,1
instances,0,"apxì, bifflerotty, kxantsang",1,0,0,0,1,0,mekreng,fnelat,0,Mekreng is a fnelat.,0,0,1
synonyms,0,"lawkx, annevalat , waynivi",1,0,0,0,1,0,fnelat,annevalat ,0,Fnelat is a synonym of an annevalat .,0,0,1
types,0,"ontsyey, tutseotu, lamourly",1,0,0,0,1,0,hawnetu,kllpxay,0,Hawnetu is not a type of a kllpxay.,0,0,1
types,0,"kxumper, tsngum, kllpxay",1,0,0,1,0,0,pewng,kllpxay,0,Pewng is a type of a kllpxay.,0,0,1
instances,0,"ewktsya, tìzingyu, heyreltu",1,0,0,1,0,0,mucherwì,ionari,0,Mucherwì is not an ionari.,0,0,1
instances,0,"hapxay, tsrunionari, weptse",1,0,0,1,0,0,fwetsim,nawngtu,0,Fwetsim is a nawngtu.,0,0,1
types,0,"uniaea, muntxayo, kantxansngal",1,0,1,0,0,0,kxara,uniaea,0,Kxara is a type of a uniaea.,0,0,1
instances,0,"miktsyo, mispichy, reympinvul",1,0,0,0,1,0,holpxanro'tu,reympinvul,0,Holpxanro'tu is not a reympinvul.,0,0,1
types,0,"hapxay, kllpxay, hawnetu",1,0,0,0,1,0,tsngawnol,kllpxay,0,Tsngawnol is not a type of a kllpxay.,0,0,1
types,0,"äzantsyìp, tsmunongopyu, tstalseng",1,0,0,0,1,0,tutseo,ewktsya,0,Tutseo is not a type of a ewktsya.,0,0,1
synonyms,0,"tutseo, eltsyey, vawmtu",1,0,1,0,0,0,squifflintu,vawmtu,0,Squifflintu is a synonym of a vawmtu.,0,0,1
synonyms,0,"apxì, eyktanzaw, muntxayo",1,0,0,0,1,0,awazaaj,eyktanzaw,0,Awazaaj is not a synonym of an eyktanzaw.,0,0,1
types,0,"fnelem, uniaea, aung",1,0,0,0,1,0,dogswo,waynivi,0,Dogswo is not a type of a waynivi.,0,0,1
synonyms,0,"kawnvenzekwä, pasuksìm, kxump",1,0,0,1,0,0,tihilat,pamtsena,0,Tihilat is a synonym of a pamtsena.,0,0,1
instances,0,"ontsyey, äzantsyìp, tsngap",1,0,0,0,1,0,tsngum,tsngap,0,Tsngum is a tsngap.,0,0,1
types,0,"kxara, lawkx, holpxanro'tu",1,0,1,0,0,0,epxanro'tu,bifflerotty,0,Epxanro'tu is not a type of a bifflerotty.,0,0,1
instances,0,"kewangyu, nikranvi, karyun",1,0,0,1,0,0,pawkrr,karyun,0,Pawkrr is a karyun.,0,0,1
synonyms,0,"kewangyu, nikranvi, karyun",1,0,0,0,1,0,pawkrr,karyun,0,Pawkrr is not a synonym of a karyun.,0,0,1
synonyms,0,"tsmunongopyu, flawkz, kawnetuwondercrunil",1,0,0,0,1,0,äzantsyìp,tutseotu,0,Äzantsyìp is not a synonym of a tutseotu.,0,0,1
instances,0,"bifflerotty, flawkz, jumpamtil",1,0,1,0,0,0,fmong,bifflerotty,0,Fmong is a bifflerotty.,0,0,1
synonyms,0,"puktsyo, tstalseng, vawmtu",1,0,0,0,1,0,tskxen,vawmtu,0,Tskxen is not a synonym of a vawmtu.,0,0,1
synonyms,0,"eanfwe, maweyawr, pamtsena",1,0,0,0,1,0,paytxe'lan,äzantan,0,Paytxe'lan is a synonym of a äzantan.,0,0,1
instances,0,"asqoy, numeypeyyu, nawngtu",1,0,0,0,1,0,yengsyo,hermeyu,0,Yengsyo is not a hermeyu.,0,0,1
synonyms,0,"karyun, kafiurat, tsnguway",1,0,0,0,1,0,hapxay,tsnguway,0,Hapxay is not a synonym of a tsnguway.,0,0,1
synonyms,0,"tspangep, karyun, kxump",1,0,0,0,1,0,natthasat,tspangep,0,Natthasat is a synonym of a tspangep.,0,0,1
types,0,"jumpamtil, eyavena, hermeyu",1,0,0,1,0,0,kantxansngal,hermeyu,0,Kantxansngal is a type of a hermeyu.,0,0,1
instances,0,"tutseo, eltsyey, vawmtu",1,0,0,0,1,0,squifflintu,vawmtu,0,Squifflintu is a vawmtu.,0,0,1
types,0,"liswal, txatxkxe, tutseo",1,0,0,1,0,0,niktsawk,txatxkxe,0,Niktsawk is not a type of a txatxkxe.,0,0,1
instances,0,"miktsyo, mispichy, reympinvul",1,0,1,0,0,0,holpxanro'tu,kxeye'ung,0,Holpxanro'tu is a kxeye'ung.,0,0,1
instances,0,"tutseotu, ngä', natthasat",1,0,0,1,0,0,tsnga,aung,0,Tsnga is an aung.,0,0,1
synonyms,0,"tsmunongopyu, flawkz, kawnetuwondercrunil",1,0,0,0,1,0,äzantsyìp,ionari,0,Äzantsyìp is not a synonym of an ionari.,0,0,1
instances,0,"tsmunongopyu, tutseotu, awazaaj",1,0,0,0,1,0,flawkz,hikranvi,0,Flawkz is not a hikranvi.,0,0,1
synonyms,0,"zusawk, hì'angrr, maweyawr",1,0,0,0,1,0,txeptsena,gloriump,0,Txeptsena is not a synonym of a gloriump.,0,0,1
synonyms,0,"wongopyu, txinfpìlok, kalingyu",1,0,1,0,0,0,hangkem,tutseotu,0,Hangkem is a synonym of a tutseotu.,0,0,1
types,0,"waynivi, tsengwal, kewangyu",1,0,0,0,1,0,kawnvenzekwä,kewangyu,0,Kawnvenzekwä is a type of a kewangyu.,0,0,1
types,0,"reympinvul, txang, tsnguway",1,0,0,1,0,0,äzantan,pawkrr,0,Äzantan is a type of a pawkrr.,0,0,1
synonyms,0,"txatxkxe, pawkrr, tihilu",1,0,1,0,0,0,quogwin,tstalseng,0,Quogwin is a synonym of a tstalseng.,0,0,1
instances,0,"pamtsena, hapxay, flawkz",1,0,0,1,0,0,tsrunionari,zusawk,0,Tsrunionari is a zusawk.,0,0,1
instances,0,"heyreltu, pewng, payo",1,0,0,1,0,0,tspangep,payo,0,Tspangep is a payo.,0,0,1
types,0,"lawkx, annevalat , waynivi",1,0,0,0,1,0,fnelat,annevalat ,0,Fnelat is a type of an annevalat .,0,0,1
instances,0,"tsnga, yentsyokx, kaymauti",1,0,0,1,0,0,wongopyu,yentsyokx,0,Wongopyu is not a yentsyokx.,0,0,1
instances,0,"fkxa, pamtsena, kafiurat",1,0,0,0,1,0,kxeye'ung,txatxkxe,0,Kxeye'ung is a txatxkxe.,0,0,1
synonyms,0,"tutseotu, ngä', natthasat",1,0,0,0,1,0,tsnga,ngä',0,Tsnga is not a synonym of a ngä'.,0,0,1
types,0,"tsnga, yentsyokx, kaymauti",1,0,1,0,0,0,wongopyu,kaymauti,0,Wongopyu is a type of a kaymauti.,0,0,1
types,0,"hapxay, kllpxang, fmawnol",1,0,1,0,0,0,pamtil,tutseotu,0,Pamtil is not a type of a tutseotu.,0,0,1
synonyms,0,"fmong, tspangep, kllpxang",1,0,0,0,1,0,apxì,numeypeyyu,0,Apxì is a synonym of a numeypeyyu.,0,0,1
instances,0,"kewangyu, eltsyon, ngä'",1,0,0,1,0,0,bifflerotty,eltsyon,0,Bifflerotty is not an eltsyon.,0,0,1
instances,0,"paytxe'lan, txang, hawnetu",1,0,1,0,0,0,lamourly,paytxe'lan,0,Lamourly is not a paytxe'lan.,0,0,1
synonyms,0,"eanfwe, liswal, numeypeyyu",1,0,1,0,0,0,maweyawr,liswal,0,Maweyawr is a synonym of a liswal.,0,0,1
synonyms,0,"kekyu, äzantan, natthasat",1,0,1,0,0,0,tutseotu,kekyu,0,Tutseotu is a synonym of a kekyu.,0,0,1
instances,0,"kewangyu, eltsyon, ngä'",1,0,0,0,1,0,bifflerotty,ngä',0,Bifflerotty is not a ngä'.,0,0,1
instances,0,"yeyntu, utumaut, kalingyu",1,0,0,0,1,0,tihilu,mekreng,0,Tihilu is a mekreng.,0,0,1
synonyms,0,"eltsyon, tskxen, tìzingyu",1,0,1,0,0,0,karyun,annevalat ,0,Karyun is not a synonym of an annevalat .,0,0,1
instances,0,"kekyu, äzantan, natthasat",1,0,0,1,0,0,tutseotu,äzantan,0,Tutseotu is a äzantan.,0,0,1
instances,0,"hapxay, kllpxay, hawnetu",1,0,0,1,0,0,tsngawnol,kllpxay,0,Tsngawnol is not a kllpxay.,0,0,1
instances,0,"tsnguway, hì'angrr, waynivi",1,0,1,0,0,0,fmawe'tu,hì'angrr,0,Fmawe'tu is a hì'angrr.,0,0,1
synonyms,0,"apxì, bifflerotty, kxantsang",1,0,0,0,1,0,mekreng,bifflerotty,0,Mekreng is not a synonym of a bifflerotty.,0,0,1
types,0,"tutseotu, pewng, bifflerotty",1,0,0,0,1,0,uniaea,weptse,0,Uniaea is not a type of a weptse.,0,0,1
instances,0,"heyreltu, kentsyey, tstxopu",1,0,0,1,0,0,puktsyo,gloriump,0,Puktsyo is not a gloriump.,0,0,1
synonyms,0,"natthasat, wongopyu, fmong",1,0,1,0,0,0,hermeyu,eyktanzaw,0,Hermeyu is a synonym of an eyktanzaw.,0,0,1
synonyms,0,"hapxay, kllpxang, fmawnol",1,0,0,1,0,0,pamtil,paytxe'lan,0,Pamtil is a synonym of a paytxe'lan.,0,0,1
instances,0,"kxumper, fnelat, tsangep",1,0,1,0,0,0,mawnvenu,fnelat,0,Mawnvenu is a fnelat.,0,0,1
synonyms,0,"fmawe'tu, tutseo, ewktsya",1,0,0,0,1,0,utumaut,ewktsya,0,Utumaut is not a synonym of a ewktsya.,0,0,1
instances,0,"heyreltu, kllpxang, utumaut",1,0,1,0,0,0,kxekeng,kllpxang,0,Kxekeng is a kllpxang.,0,0,1
types,0,"hangkem, jumptious, hìmpxom",1,0,0,0,1,0,nawngtu,hangkem,0,Nawngtu is not a type of a hangkem.,0,0,1
